  Game.cpp
C:\Users\user\source\repos\ChaosOfSymbols\ChaosOfSymbols\TileTypeManager.h(1,1): warning C4828: Файл содержит знак, начинающийся со смещения 0x187, который является недопустимым в текущей исходной кодировке (кодовая страница 65001).
  (компиляция исходного файла "Game.cpp")
  
C:\Users\user\source\repos\ChaosOfSymbols\ChaosOfSymbols\TileTypeManager.h(1,1): warning C4828: Файл содержит знак, начинающийся со смещения 0x189, который является недопустимым в текущей исходной кодировке (кодовая страница 65001).
  (компиляция исходного файла "Game.cpp")
  
C:\Users\user\source\repos\ChaosOfSymbols\ChaosOfSymbols\TileTypeManager.h(1,1): warning C4828: Файл содержит знак, начинающийся со смещения 0x18d, который является недопустимым в текущей исходной кодировке (кодовая страница 65001).
  (компиляция исходного файла "Game.cpp")
  
C:\Users\user\source\repos\ChaosOfSymbols\ChaosOfSymbols\TileType.h(1,1): warning C4828: Файл содержит знак, начинающийся со смещения 0x45, который является недопустимым в текущей исходной кодировке (кодовая страница 65001).
  (компиляция исходного файла "Game.cpp")
  
C:\Users\user\source\repos\ChaosOfSymbols\ChaosOfSymbols\TileType.h(1,1): warning C4828: Файл содержит знак, начинающийся со смещения 0x47, который является недопустимым в текущей исходной кодировке (кодовая страница 65001).
  (компиляция исходного файла "Game.cpp")
  
C:\Users\user\source\repos\ChaosOfSymbols\ChaosOfSymbols\TileType.h(1,1): warning C4828: Файл содержит знак, начинающийся со смещения 0x4a, который является недопустимым в текущей исходной кодировке (кодовая страница 65001).
  (компиляция исходного файла "Game.cpp")
  
C:\Users\user\source\repos\ChaosOfSymbols\ChaosOfSymbols\TileType.h(1,1): warning C4828: Файл содержит знак, начинающийся со смещения 0x4e, который является недопустимым в текущей исходной кодировке (кодовая страница 65001).
  (компиляция исходного файла "Game.cpp")
  
C:\Users\user\source\repos\ChaosOfSymbols\ChaosOfSymbols\TileType.h(1,1): warning C4828: Файл содержит знак, начинающийся со смещения 0x115, который является недопустимым в текущей исходной кодировке (кодовая страница 65001).
  (компиляция исходного файла "Game.cpp")
  
C:\Users\user\source\repos\ChaosOfSymbols\ChaosOfSymbols\TileType.h(1,1): warning C4828: Файл содержит знак, начинающийся со смещения 0x117, который является недопустимым в текущей исходной кодировке (кодовая страница 65001).
  (компиляция исходного файла "Game.cpp")
  
C:\Users\user\source\repos\ChaosOfSymbols\ChaosOfSymbols\TileType.h(1,1): warning C4828: Файл содержит знак, начинающийся со смещения 0x11b, который является недопустимым в текущей исходной кодировке (кодовая страница 65001).
  (компиляция исходного файла "Game.cpp")
  
C:\Users\user\source\repos\ChaosOfSymbols\ChaosOfSymbols\TileType.h(1,1): warning C4828: Файл содержит знак, начинающийся со смещения 0x28c, который является недопустимым в текущей исходной кодировке (кодовая страница 65001).
  (компиляция исходного файла "Game.cpp")
  
C:\Users\user\source\repos\ChaosOfSymbols\ChaosOfSymbols\TileType.h(1,1): warning C4828: Файл содержит знак, начинающийся со смещения 0x28e, который является недопустимым в текущей исходной кодировке (кодовая страница 65001).
  (компиляция исходного файла "Game.cpp")
  
C:\Users\user\source\repos\ChaosOfSymbols\ChaosOfSymbols\TileType.h(1,1): warning C4828: Файл содержит знак, начинающийся со смещения 0x292, который является недопустимым в текущей исходной кодировке (кодовая страница 65001).
  (компиляция исходного файла "Game.cpp")
  
C:\Users\user\source\repos\ChaosOfSymbols\ChaosOfSymbols\FoodManager.h(16,51): warning C4267: return: преобразование из "size_t" в "int"; возможна потеря данных
  (компиляция исходного файла "Game.cpp")
  
C:\Users\user\source\repos\ChaosOfSymbols\ChaosOfSymbols\ConfigManager.h(1,1): warning C4828: Файл содержит знак, начинающийся со смещения 0x10d, который является недопустимым в текущей исходной кодировке (кодовая страница 65001).
  (компиляция исходного файла "Game.cpp")
  
C:\Users\user\source\repos\ChaosOfSymbols\ChaosOfSymbols\ConfigManager.h(1,1): warning C4828: Файл содержит знак, начинающийся со смещения 0x10f, который является недопустимым в текущей исходной кодировке (кодовая страница 65001).
  (компиляция исходного файла "Game.cpp")
  
C:\Users\user\source\repos\ChaosOfSymbols\ChaosOfSymbols\ConfigManager.h(1,1): warning C4828: Файл содержит знак, начинающийся со смещения 0x112, который является недопустимым в текущей исходной кодировке (кодовая страница 65001).
  (компиляция исходного файла "Game.cpp")
  
C:\Users\user\source\repos\ChaosOfSymbols\ChaosOfSymbols\ConfigManager.h(1,1): warning C4828: Файл содержит знак, начинающийся со смещения 0x116, который является недопустимым в текущей исходной кодировке (кодовая страница 65001).
  (компиляция исходного файла "Game.cpp")
  
C:\Users\user\source\repos\ChaosOfSymbols\ChaosOfSymbols\ConfigManager.h(1,1): warning C4828: Файл содержит знак, начинающийся со смещения 0x119, который является недопустимым в текущей исходной кодировке (кодовая страница 65001).
  (компиляция исходного файла "Game.cpp")
  
C:\Users\user\source\repos\ChaosOfSymbols\ChaosOfSymbols\ConfigManager.h(1,1): warning C4828: Файл содержит знак, начинающийся со смещения 0x11c, который является недопустимым в текущей исходной кодировке (кодовая страница 65001).
  (компиляция исходного файла "Game.cpp")
  
C:\Users\user\source\repos\ChaosOfSymbols\ChaosOfSymbols\ConfigManager.h(1,1): warning C4828: Файл содержит знак, начинающийся со смещения 0x120, который является недопустимым в текущей исходной кодировке (кодовая страница 65001).
  (компиляция исходного файла "Game.cpp")
  
C:\Users\user\source\repos\ChaosOfSymbols\ChaosOfSymbols\ConfigManager.h(1,1): warning C4828: Файл содержит знак, начинающийся со смещения 0x15a, который является недопустимым в текущей исходной кодировке (кодовая страница 65001).
  (компиляция исходного файла "Game.cpp")
  
C:\Users\user\source\repos\ChaosOfSymbols\ChaosOfSymbols\ConfigManager.h(1,1): warning C4828: Файл содержит знак, начинающийся со смещения 0x15c, который является недопустимым в текущей исходной кодировке (кодовая страница 65001).
  (компиляция исходного файла "Game.cpp")
  
C:\Users\user\source\repos\ChaosOfSymbols\ChaosOfSymbols\ConfigManager.h(1,1): warning C4828: Файл содержит знак, начинающийся со смещения 0x15f, который является недопустимым в текущей исходной кодировке (кодовая страница 65001).
  (компиляция исходного файла "Game.cpp")
  
C:\Users\user\source\repos\ChaosOfSymbols\ChaosOfSymbols\ConfigManager.h(1,1): warning C4828: Файл содержит знак, начинающийся со смещения 0x164, который является недопустимым в текущей исходной кодировке (кодовая страница 65001).
  (компиляция исходного файла "Game.cpp")
  
C:\Users\user\source\repos\ChaosOfSymbols\ChaosOfSymbols\ConfigManager.h(1,1): warning C4828: Файл содержит знак, начинающийся со смещения 0x167, который является недопустимым в текущей исходной кодировке (кодовая страница 65001).
  (компиляция исходного файла "Game.cpp")
  
C:\Users\user\source\repos\ChaosOfSymbols\ChaosOfSymbols\ConfigManager.h(1,1): warning C4828: Файл содержит знак, начинающийся со смещения 0x1a1, который является недопустимым в текущей исходной кодировке (кодовая страница 65001).
  (компиляция исходного файла "Game.cpp")
  
C:\Users\user\source\repos\ChaosOfSymbols\ChaosOfSymbols\ConfigManager.h(1,1): warning C4828: Файл содержит знак, начинающийся со смещения 0x1a3, который является недопустимым в текущей исходной кодировке (кодовая страница 65001).
  (компиляция исходного файла "Game.cpp")
  
C:\Users\user\source\repos\ChaosOfSymbols\ChaosOfSymbols\ConfigManager.h(1,1): warning C4828: Файл содержит знак, начинающийся со смещения 0x1a7, который является недопустимым в текущей исходной кодировке (кодовая страница 65001).
  (компиляция исходного файла "Game.cpp")
  
C:\Users\user\source\repos\ChaosOfSymbols\ChaosOfSymbols\ConfigManager.h(1,1): warning C4828: Файл содержит знак, начинающийся со смещения 0x2e0, который является недопустимым в текущей исходной кодировке (кодовая страница 65001).
  (компиляция исходного файла "Game.cpp")
  
C:\Users\user\source\repos\ChaosOfSymbols\ChaosOfSymbols\ConfigManager.h(1,1): warning C4828: Файл содержит знак, начинающийся со смещения 0x2e2, который является недопустимым в текущей исходной кодировке (кодовая страница 65001).
  (компиляция исходного файла "Game.cpp")
  
C:\Users\user\source\repos\ChaosOfSymbols\ChaosOfSymbols\ConfigManager.h(1,1): warning C4828: Файл содержит знак, начинающийся со смещения 0x2e5, который является недопустимым в текущей исходной кодировке (кодовая страница 65001).
  (компиляция исходного файла "Game.cpp")
  
C:\Users\user\source\repos\ChaosOfSymbols\ChaosOfSymbols\ConfigManager.h(1,1): warning C4828: Файл содержит знак, начинающийся со смещения 0x2e8, который является недопустимым в текущей исходной кодировке (кодовая страница 65001).
  (компиляция исходного файла "Game.cpp")
  
C:\Users\user\source\repos\ChaosOfSymbols\ChaosOfSymbols\ConfigManager.h(1,1): warning C4828: Файл содержит знак, начинающийся со смещения 0x2ec, который является недопустимым в текущей исходной кодировке (кодовая страница 65001).
  (компиляция исходного файла "Game.cpp")
  
C:\Users\user\source\repos\ChaosOfSymbols\ChaosOfSymbols\ConfigManager.h(1,1): warning C4828: Файл содержит знак, начинающийся со смещения 0x2f0, который является недопустимым в текущей исходной кодировке (кодовая страница 65001).
  (компиляция исходного файла "Game.cpp")
  
C:\Users\user\source\repos\ChaosOfSymbols\ChaosOfSymbols\ConfigManager.h(1,1): warning C4828: Файл содержит знак, начинающийся со смещения 0x2f3, который является недопустимым в текущей исходной кодировке (кодовая страница 65001).
  (компиляция исходного файла "Game.cpp")
  
C:\Users\user\source\repos\ChaosOfSymbols\ChaosOfSymbols\ConfigManager.h(1,1): warning C4828: Файл содержит знак, начинающийся со смещения 0x2f6, который является недопустимым в текущей исходной кодировке (кодовая страница 65001).
  (компиляция исходного файла "Game.cpp")
  
C:\Users\user\source\repos\ChaosOfSymbols\ChaosOfSymbols\ConfigManager.h(1,1): warning C4828: Файл содержит знак, начинающийся со смещения 0x2f8, который является недопустимым в текущей исходной кодировке (кодовая страница 65001).
  (компиляция исходного файла "Game.cpp")
  
C:\Users\user\source\repos\ChaosOfSymbols\ChaosOfSymbols\ConfigManager.h(1,1): warning C4828: Файл содержит знак, начинающийся со смещения 0x2fb, который является недопустимым в текущей исходной кодировке (кодовая страница 65001).
  (компиляция исходного файла "Game.cpp")
  
C:\Users\user\source\repos\ChaosOfSymbols\ChaosOfSymbols\ConfigManager.h(1,1): warning C4828: Файл содержит знак, начинающийся со смещения 0x2fe, который является недопустимым в текущей исходной кодировке (кодовая страница 65001).
  (компиляция исходного файла "Game.cpp")
  
C:\Users\user\source\repos\ChaosOfSymbols\ChaosOfSymbols\ConfigManager.h(1,1): warning C4828: Файл содержит знак, начинающийся со смещения 0x301, который является недопустимым в текущей исходной кодировке (кодовая страница 65001).
  (компиляция исходного файла "Game.cpp")
  
C:\Users\user\source\repos\ChaosOfSymbols\ChaosOfSymbols\ConfigManager.h(1,1): warning C4828: Файл содержит знак, начинающийся со смещения 0x304, который является недопустимым в текущей исходной кодировке (кодовая страница 65001).
  (компиляция исходного файла "Game.cpp")
  
C:\Users\user\source\repos\ChaosOfSymbols\ChaosOfSymbols\ConfigManager.h(1,1): warning C4828: Файл содержит знак, начинающийся со смещения 0x3a3, который является недопустимым в текущей исходной кодировке (кодовая страница 65001).
  (компиляция исходного файла "Game.cpp")
  
C:\Users\user\source\repos\ChaosOfSymbols\ChaosOfSymbols\ConfigManager.h(1,1): warning C4828: Файл содержит знак, начинающийся со смещения 0x3a5, который является недопустимым в текущей исходной кодировке (кодовая страница 65001).
  (компиляция исходного файла "Game.cpp")
  
C:\Users\user\source\repos\ChaosOfSymbols\ChaosOfSymbols\ConfigManager.h(1,1): warning C4828: Файл содержит знак, начинающийся со смещения 0x3a8, который является недопустимым в текущей исходной кодировке (кодовая страница 65001).
  (компиляция исходного файла "Game.cpp")
  
C:\Users\user\source\repos\ChaosOfSymbols\ChaosOfSymbols\ConfigManager.h(1,1): warning C4828: Файл содержит знак, начинающийся со смещения 0x3ad, который является недопустимым в текущей исходной кодировке (кодовая страница 65001).
  (компиляция исходного файла "Game.cpp")
  
C:\Users\user\source\repos\ChaosOfSymbols\ChaosOfSymbols\ConfigManager.h(1,1): warning C4828: Файл содержит знак, начинающийся со смещения 0x3b0, который является недопустимым в текущей исходной кодировке (кодовая страница 65001).
  (компиляция исходного файла "Game.cpp")
  
C:\Users\user\source\repos\ChaosOfSymbols\ChaosOfSymbols\ConfigManager.h(1,1): warning C4828: Файл содержит знак, начинающийся со смещения 0x411, который является недопустимым в текущей исходной кодировке (кодовая страница 65001).
  (компиляция исходного файла "Game.cpp")
  
C:\Users\user\source\repos\ChaosOfSymbols\ChaosOfSymbols\ConfigManager.h(1,1): warning C4828: Файл содержит знак, начинающийся со смещения 0x413, который является недопустимым в текущей исходной кодировке (кодовая страница 65001).
  (компиляция исходного файла "Game.cpp")
  
C:\Users\user\source\repos\ChaosOfSymbols\ChaosOfSymbols\ConfigManager.h(1,1): warning C4828: Файл содержит знак, начинающийся со смещения 0x416, который является недопустимым в текущей исходной кодировке (кодовая страница 65001).
  (компиляция исходного файла "Game.cpp")
  
C:\Users\user\source\repos\ChaosOfSymbols\ChaosOfSymbols\ConfigManager.h(1,1): warning C4828: Файл содержит знак, начинающийся со смещения 0x41b, который является недопустимым в текущей исходной кодировке (кодовая страница 65001).
  (компиляция исходного файла "Game.cpp")
  
C:\Users\user\source\repos\ChaosOfSymbols\ChaosOfSymbols\ConfigManager.h(1,1): warning C4828: Файл содержит знак, начинающийся со смещения 0x41e, который является недопустимым в текущей исходной кодировке (кодовая страница 65001).
  (компиляция исходного файла "Game.cpp")
  
C:\Users\user\source\repos\ChaosOfSymbols\ChaosOfSymbols\MainMenu.h(1,1): warning C4828: Файл содержит знак, начинающийся со смещения 0x326, который является недопустимым в текущей исходной кодировке (кодовая страница 65001).
  (компиляция исходного файла "Game.cpp")
  
C:\Users\user\source\repos\ChaosOfSymbols\ChaosOfSymbols\MainMenu.h(1,1): warning C4828: Файл содержит знак, начинающийся со смещения 0x328, который является недопустимым в текущей исходной кодировке (кодовая страница 65001).
  (компиляция исходного файла "Game.cpp")
  
C:\Users\user\source\repos\ChaosOfSymbols\ChaosOfSymbols\MainMenu.h(1,1): warning C4828: Файл содержит знак, начинающийся со смещения 0x32b, который является недопустимым в текущей исходной кодировке (кодовая страница 65001).
  (компиляция исходного файла "Game.cpp")
  
C:\Users\user\source\repos\ChaosOfSymbols\ChaosOfSymbols\MainMenu.h(1,1): warning C4828: Файл содержит знак, начинающийся со смещения 0x32e, который является недопустимым в текущей исходной кодировке (кодовая страница 65001).
  (компиляция исходного файла "Game.cpp")
  
C:\Users\user\source\repos\ChaosOfSymbols\ChaosOfSymbols\MainMenu.h(1,1): warning C4828: Файл содержит знак, начинающийся со смещения 0x331, который является недопустимым в текущей исходной кодировке (кодовая страница 65001).
  (компиляция исходного файла "Game.cpp")
  
C:\Users\user\source\repos\ChaosOfSymbols\ChaosOfSymbols\MainMenu.h(1,1): warning C4828: Файл содержит знак, начинающийся со смещения 0x334, который является недопустимым в текущей исходной кодировке (кодовая страница 65001).
  (компиляция исходного файла "Game.cpp")
  
C:\Users\user\source\repos\ChaosOfSymbols\ChaosOfSymbols\MainMenu.h(1,1): warning C4828: Файл содержит знак, начинающийся со смещения 0x338, который является недопустимым в текущей исходной кодировке (кодовая страница 65001).
  (компиляция исходного файла "Game.cpp")
  
C:\Users\user\source\repos\ChaosOfSymbols\ChaosOfSymbols\MainMenu.h(1,1): warning C4828: Файл содержит знак, начинающийся со смещения 0x33c, который является недопустимым в текущей исходной кодировке (кодовая страница 65001).
  (компиляция исходного файла "Game.cpp")
  
C:\Users\user\source\repos\ChaosOfSymbols\ChaosOfSymbols\MainMenu.h(1,1): warning C4828: Файл содержит знак, начинающийся со смещения 0x33f, который является недопустимым в текущей исходной кодировке (кодовая страница 65001).
  (компиляция исходного файла "Game.cpp")
  
C:\Users\user\source\repos\ChaosOfSymbols\ChaosOfSymbols\MainMenu.h(1,1): warning C4828: Файл содержит знак, начинающийся со смещения 0x342, который является недопустимым в текущей исходной кодировке (кодовая страница 65001).
  (компиляция исходного файла "Game.cpp")
  
C:\Users\user\source\repos\ChaosOfSymbols\ChaosOfSymbols\MainMenu.h(1,1): warning C4828: Файл содержит знак, начинающийся со смещения 0x345, который является недопустимым в текущей исходной кодировке (кодовая страница 65001).
  (компиляция исходного файла "Game.cpp")
  
C:\Users\user\source\repos\ChaosOfSymbols\ChaosOfSymbols\MainMenu.h(1,1): warning C4828: Файл содержит знак, начинающийся со смещения 0x349, который является недопустимым в текущей исходной кодировке (кодовая страница 65001).
  (компиляция исходного файла "Game.cpp")
  
C:\Users\user\source\repos\ChaosOfSymbols\ChaosOfSymbols\MainMenu.h(1,1): warning C4828: Файл содержит знак, начинающийся со смещения 0x34c, который является недопустимым в текущей исходной кодировке (кодовая страница 65001).
  (компиляция исходного файла "Game.cpp")
  
C:\Users\user\source\repos\ChaosOfSymbols\ChaosOfSymbols\MainMenu.h(1,1): warning C4828: Файл содержит знак, начинающийся со смещения 0x350, который является недопустимым в текущей исходной кодировке (кодовая страница 65001).
  (компиляция исходного файла "Game.cpp")
  
C:\Users\user\source\repos\ChaosOfSymbols\ChaosOfSymbols\MainMenu.h(1,1): warning C4828: Файл содержит знак, начинающийся со смещения 0x353, который является недопустимым в текущей исходной кодировке (кодовая страница 65001).
  (компиляция исходного файла "Game.cpp")
  
C:\Users\user\source\repos\ChaosOfSymbols\ChaosOfSymbols\MainMenu.h(1,1): warning C4828: Файл содержит знак, начинающийся со смещения 0x357, который является недопустимым в текущей исходной кодировке (кодовая страница 65001).
  (компиляция исходного файла "Game.cpp")
  
C:\Users\user\source\repos\ChaosOfSymbols\ChaosOfSymbols\MainMenu.h(1,1): warning C4828: Файл содержит знак, начинающийся со смещения 0x7ac, который является недопустимым в текущей исходной кодировке (кодовая страница 65001).
  (компиляция исходного файла "Game.cpp")
  
C:\Users\user\source\repos\ChaosOfSymbols\ChaosOfSymbols\MainMenu.h(1,1): warning C4828: Файл содержит знак, начинающийся со смещения 0x7ae, который является недопустимым в текущей исходной кодировке (кодовая страница 65001).
  (компиляция исходного файла "Game.cpp")
  
C:\Users\user\source\repos\ChaosOfSymbols\ChaosOfSymbols\MainMenu.h(1,1): warning C4828: Файл содержит знак, начинающийся со смещения 0x7b3, который является недопустимым в текущей исходной кодировке (кодовая страница 65001).
  (компиляция исходного файла "Game.cpp")
  
C:\Users\user\source\repos\ChaosOfSymbols\ChaosOfSymbols\MainMenu.h(1,1): warning C4828: Файл содержит знак, начинающийся со смещения 0x7b7, который является недопустимым в текущей исходной кодировке (кодовая страница 65001).
  (компиляция исходного файла "Game.cpp")
  
C:\Users\user\source\repos\ChaosOfSymbols\ChaosOfSymbols\MainMenu.h(1,1): warning C4828: Файл содержит знак, начинающийся со смещения 0x7bb, который является недопустимым в текущей исходной кодировке (кодовая страница 65001).
  (компиляция исходного файла "Game.cpp")
  
C:\Users\user\source\repos\ChaosOfSymbols\ChaosOfSymbols\MainMenu.h(1,1): warning C4828: Файл содержит знак, начинающийся со смещения 0x7c0, который является недопустимым в текущей исходной кодировке (кодовая страница 65001).
  (компиляция исходного файла "Game.cpp")
  
C:\Users\user\source\repos\ChaosOfSymbols\ChaosOfSymbols\MainMenu.h(1,1): warning C4828: Файл содержит знак, начинающийся со смещения 0x7c3, который является недопустимым в текущей исходной кодировке (кодовая страница 65001).
  (компиляция исходного файла "Game.cpp")
  
C:\Users\user\source\repos\ChaosOfSymbols\ChaosOfSymbols\MainMenu.h(1,1): warning C4828: Файл содержит знак, начинающийся со смещения 0x7c6, который является недопустимым в текущей исходной кодировке (кодовая страница 65001).
  (компиляция исходного файла "Game.cpp")
  
C:\Users\user\source\repos\ChaosOfSymbols\ChaosOfSymbols\MainMenu.h(1,1): warning C4828: Файл содержит знак, начинающийся со смещения 0x7c9, который является недопустимым в текущей исходной кодировке (кодовая страница 65001).
  (компиляция исходного файла "Game.cpp")
  
C:\Users\user\source\repos\ChaosOfSymbols\ChaosOfSymbols\MainMenu.h(1,1): warning C4828: Файл содержит знак, начинающийся со смещения 0x7cc, который является недопустимым в текущей исходной кодировке (кодовая страница 65001).
  (компиляция исходного файла "Game.cpp")
  
C:\Users\user\source\repos\ChaosOfSymbols\ChaosOfSymbols\MainMenu.h(1,1): warning C4828: Файл содержит знак, начинающийся со смещения 0x984, который является недопустимым в текущей исходной кодировке (кодовая страница 65001).
  (компиляция исходного файла "Game.cpp")
  
C:\Users\user\source\repos\ChaosOfSymbols\ChaosOfSymbols\MainMenu.h(1,1): warning C4828: Файл содержит знак, начинающийся со смещения 0x986, который является недопустимым в текущей исходной кодировке (кодовая страница 65001).
  (компиляция исходного файла "Game.cpp")
  
C:\Users\user\source\repos\ChaosOfSymbols\ChaosOfSymbols\MainMenu.h(1,1): warning C4828: Файл содержит знак, начинающийся со смещения 0x989, который является недопустимым в текущей исходной кодировке (кодовая страница 65001).
  (компиляция исходного файла "Game.cpp")
  
C:\Users\user\source\repos\ChaosOfSymbols\ChaosOfSymbols\MainMenu.h(1,1): warning C4828: Файл содержит знак, начинающийся со смещения 0x98d, который является недопустимым в текущей исходной кодировке (кодовая страница 65001).
  (компиляция исходного файла "Game.cpp")
  
C:\Users\user\source\repos\ChaosOfSymbols\ChaosOfSymbols\MainMenu.h(1,1): warning C4828: Файл содержит знак, начинающийся со смещения 0x991, который является недопустимым в текущей исходной кодировке (кодовая страница 65001).
  (компиляция исходного файла "Game.cpp")
  
C:\Users\user\source\repos\ChaosOfSymbols\ChaosOfSymbols\MainMenu.h(1,1): warning C4828: Файл содержит знак, начинающийся со смещения 0x996, который является недопустимым в текущей исходной кодировке (кодовая страница 65001).
  (компиляция исходного файла "Game.cpp")
  
C:\Users\user\source\repos\ChaosOfSymbols\ChaosOfSymbols\MainMenu.h(1,1): warning C4828: Файл содержит знак, начинающийся со смещения 0x999, который является недопустимым в текущей исходной кодировке (кодовая страница 65001).
  (компиляция исходного файла "Game.cpp")
  
C:\Users\user\source\repos\ChaosOfSymbols\ChaosOfSymbols\MainMenu.h(1,1): warning C4828: Файл содержит знак, начинающийся со смещения 0x99c, который является недопустимым в текущей исходной кодировке (кодовая страница 65001).
  (компиляция исходного файла "Game.cpp")
  
C:\Users\user\source\repos\ChaosOfSymbols\ChaosOfSymbols\MainMenu.h(1,1): warning C4828: Файл содержит знак, начинающийся со смещения 0x99f, который является недопустимым в текущей исходной кодировке (кодовая страница 65001).
  (компиляция исходного файла "Game.cpp")
  
C:\Users\user\source\repos\ChaosOfSymbols\ChaosOfSymbols\MainMenu.h(1,1): warning C4828: Файл содержит знак, начинающийся со смещения 0x9a2, который является недопустимым в текущей исходной кодировке (кодовая страница 65001).
  (компиляция исходного файла "Game.cpp")
  
C:\Users\user\source\repos\ChaosOfSymbols\ChaosOfSymbols\MainMenu.h(1,1): warning C4828: Файл содержит знак, начинающийся со смещения 0xa4c, который является недопустимым в текущей исходной кодировке (кодовая страница 65001).
  (компиляция исходного файла "Game.cpp")
  
C:\Users\user\source\repos\ChaosOfSymbols\ChaosOfSymbols\MainMenu.h(1,1): warning C4828: Файл содержит знак, начинающийся со смещения 0xa4e, который является недопустимым в текущей исходной кодировке (кодовая страница 65001).
  (компиляция исходного файла "Game.cpp")
  
C:\Users\user\source\repos\ChaosOfSymbols\ChaosOfSymbols\MainMenu.h(1,1): warning C4828: Файл содержит знак, начинающийся со смещения 0xa51, который является недопустимым в текущей исходной кодировке (кодовая страница 65001).
  (компиляция исходного файла "Game.cpp")
  
C:\Users\user\source\repos\ChaosOfSymbols\ChaosOfSymbols\MainMenu.h(1,1): warning C4828: Файл содержит знак, начинающийся со смещения 0xa55, который является недопустимым в текущей исходной кодировке (кодовая страница 65001).
  (компиляция исходного файла "Game.cpp")
  
C:\Users\user\source\repos\ChaosOfSymbols\ChaosOfSymbols\MainMenu.h(1,1): warning C4828: Файл содержит знак, начинающийся со смещения 0xa58, который является недопустимым в текущей исходной кодировке (кодовая страница 65001).
  (компиляция исходного файла "Game.cpp")
  
C:\Users\user\source\repos\ChaosOfSymbols\ChaosOfSymbols\MainMenu.h(1,1): warning C4828: Файл содержит знак, начинающийся со смещения 0xa5b, который является недопустимым в текущей исходной кодировке (кодовая страница 65001).
  (компиляция исходного файла "Game.cpp")
  
C:\Users\user\source\repos\ChaosOfSymbols\ChaosOfSymbols\MainMenu.h(1,1): warning C4828: Файл содержит знак, начинающийся со смещения 0xa5e, который является недопустимым в текущей исходной кодировке (кодовая страница 65001).
  (компиляция исходного файла "Game.cpp")
  
C:\Users\user\source\repos\ChaosOfSymbols\ChaosOfSymbols\MainMenu.h(1,1): warning C4828: Файл содержит знак, начинающийся со смещения 0xa62, который является недопустимым в текущей исходной кодировке (кодовая страница 65001).
  (компиляция исходного файла "Game.cpp")
  
C:\Users\user\source\repos\ChaosOfSymbols\ChaosOfSymbols\MainMenu.h(1,1): warning C4828: Файл содержит знак, начинающийся со смещения 0xa65, который является недопустимым в текущей исходной кодировке (кодовая страница 65001).
  (компиляция исходного файла "Game.cpp")
  
C:\Users\user\source\repos\ChaosOfSymbols\ChaosOfSymbols\MainMenu.h(1,1): warning C4828: Файл содержит знак, начинающийся со смещения 0xa68, который является недопустимым в текущей исходной кодировке (кодовая страница 65001).
  (компиляция исходного файла "Game.cpp")
  
C:\Users\user\source\repos\ChaosOfSymbols\ChaosOfSymbols\MainMenu.h(1,1): warning C4828: Файл содержит знак, начинающийся со смещения 0xa6c, который является недопустимым в текущей исходной кодировке (кодовая страница 65001).
  (компиляция исходного файла "Game.cpp")
  
C:\Users\user\source\repos\ChaosOfSymbols\ChaosOfSymbols\MainMenu.h(1,1): warning C4828: Файл содержит знак, начинающийся со смещения 0xa6f, который является недопустимым в текущей исходной кодировке (кодовая страница 65001).
  (компиляция исходного файла "Game.cpp")
  
C:\Users\user\source\repos\ChaosOfSymbols\ChaosOfSymbols\MainMenu.h(1,1): warning C4828: Файл содержит знак, начинающийся со смещения 0xa72, который является недопустимым в текущей исходной кодировке (кодовая страница 65001).
  (компиляция исходного файла "Game.cpp")
  
C:\Users\user\source\repos\ChaosOfSymbols\ChaosOfSymbols\MainMenu.h(1,1): warning C4828: Файл содержит знак, начинающийся со смещения 0xa75, который является недопустимым в текущей исходной кодировке (кодовая страница 65001).
  (компиляция исходного файла "Game.cpp")
  
C:\Users\user\source\repos\ChaosOfSymbols\ChaosOfSymbols\MainMenu.h(1,1): warning C4828: Файл содержит знак, начинающийся со смещения 0xb1c, который является недопустимым в текущей исходной кодировке (кодовая страница 65001).
  (компиляция исходного файла "Game.cpp")
  
C:\Users\user\source\repos\ChaosOfSymbols\ChaosOfSymbols\MainMenu.h(1,1): warning C4828: Файл содержит знак, начинающийся со смещения 0xb1e, который является недопустимым в текущей исходной кодировке (кодовая страница 65001).
  (компиляция исходного файла "Game.cpp")
  
C:\Users\user\source\repos\ChaosOfSymbols\ChaosOfSymbols\MainMenu.h(1,1): warning C4828: Файл содержит знак, начинающийся со смещения 0xb21, который является недопустимым в текущей исходной кодировке (кодовая страница 65001).
  (компиляция исходного файла "Game.cpp")
  
C:\Users\user\source\repos\ChaosOfSymbols\ChaosOfSymbols\MainMenu.h(1,1): warning C4828: Файл содержит знак, начинающийся со смещения 0xb24, который является недопустимым в текущей исходной кодировке (кодовая страница 65001).
  (компиляция исходного файла "Game.cpp")
  
C:\Users\user\source\repos\ChaosOfSymbols\ChaosOfSymbols\SaveTypes.h(1,1): warning C4828: Файл содержит знак, начинающийся со смещения 0x26, который является недопустимым в текущей исходной кодировке (кодовая страница 65001).
  (компиляция исходного файла "Game.cpp")
  
C:\Users\user\source\repos\ChaosOfSymbols\ChaosOfSymbols\SaveTypes.h(1,1): warning C4828: Файл содержит знак, начинающийся со смещения 0x28, который является недопустимым в текущей исходной кодировке (кодовая страница 65001).
  (компиляция исходного файла "Game.cpp")
  
C:\Users\user\source\repos\ChaosOfSymbols\ChaosOfSymbols\SaveTypes.h(1,1): warning C4828: Файл содержит знак, начинающийся со смещения 0x29, который является недопустимым в текущей исходной кодировке (кодовая страница 65001).
  (компиляция исходного файла "Game.cpp")
  
C:\Users\user\source\repos\ChaosOfSymbols\ChaosOfSymbols\SaveTypes.h(1,1): warning C4828: Файл содержит знак, начинающийся со смещения 0x2c, который является недопустимым в текущей исходной кодировке (кодовая страница 65001).
  (компиляция исходного файла "Game.cpp")
  
C:\Users\user\source\repos\ChaosOfSymbols\ChaosOfSymbols\SaveTypes.h(1,1): warning C4828: Файл содержит знак, начинающийся со смещения 0x31, который является недопустимым в текущей исходной кодировке (кодовая страница 65001).
  (компиляция исходного файла "Game.cpp")
  
C:\Users\user\source\repos\ChaosOfSymbols\ChaosOfSymbols\SaveTypes.h(1,1): warning C4828: Файл содержит знак, начинающийся со смещения 0x35, который является недопустимым в текущей исходной кодировке (кодовая страница 65001).
  (компиляция исходного файла "Game.cpp")
  
C:\Users\user\source\repos\ChaosOfSymbols\ChaosOfSymbols\SaveTypes.h(1,1): warning C4828: Файл содержит знак, начинающийся со смещения 0x39, который является недопустимым в текущей исходной кодировке (кодовая страница 65001).
  (компиляция исходного файла "Game.cpp")
  
C:\Users\user\source\repos\ChaosOfSymbols\ChaosOfSymbols\SaveTypes.h(1,1): warning C4828: Файл содержит знак, начинающийся со смещения 0x3d, который является недопустимым в текущей исходной кодировке (кодовая страница 65001).
  (компиляция исходного файла "Game.cpp")
  
C:\Users\user\source\repos\ChaosOfSymbols\ChaosOfSymbols\SaveTypes.h(1,1): warning C4828: Файл содержит знак, начинающийся со смещения 0x41, который является недопустимым в текущей исходной кодировке (кодовая страница 65001).
  (компиляция исходного файла "Game.cpp")
  
C:\Users\user\source\repos\ChaosOfSymbols\ChaosOfSymbols\SaveTypes.h(1,1): warning C4828: Файл содержит знак, начинающийся со смещения 0x44, который является недопустимым в текущей исходной кодировке (кодовая страница 65001).
  (компиляция исходного файла "Game.cpp")
  
C:\Users\user\source\repos\ChaosOfSymbols\ChaosOfSymbols\SaveSelectionMenu.h(1,1): warning C4828: Файл содержит знак, начинающийся со смещения 0x5b9, который является недопустимым в текущей исходной кодировке (кодовая страница 65001).
  (компиляция исходного файла "Game.cpp")
  
C:\Users\user\source\repos\ChaosOfSymbols\ChaosOfSymbols\SaveSelectionMenu.h(1,1): warning C4828: Файл содержит знак, начинающийся со смещения 0x5bb, который является недопустимым в текущей исходной кодировке (кодовая страница 65001).
  (компиляция исходного файла "Game.cpp")
  
C:\Users\user\source\repos\ChaosOfSymbols\ChaosOfSymbols\SaveSelectionMenu.h(1,1): warning C4828: Файл содержит знак, начинающийся со смещения 0x5be, который является недопустимым в текущей исходной кодировке (кодовая страница 65001).
  (компиляция исходного файла "Game.cpp")
  
C:\Users\user\source\repos\ChaosOfSymbols\ChaosOfSymbols\SaveSelectionMenu.h(1,1): warning C4828: Файл содержит знак, начинающийся со смещения 0x5c1, который является недопустимым в текущей исходной кодировке (кодовая страница 65001).
  (компиляция исходного файла "Game.cpp")
  
C:\Users\user\source\repos\ChaosOfSymbols\ChaosOfSymbols\SaveSelectionMenu.h(1,1): warning C4828: Файл содержит знак, начинающийся со смещения 0x5c4, который является недопустимым в текущей исходной кодировке (кодовая страница 65001).
  (компиляция исходного файла "Game.cpp")
  
C:\Users\user\source\repos\ChaosOfSymbols\ChaosOfSymbols\SaveSelectionMenu.h(1,1): warning C4828: Файл содержит знак, начинающийся со смещения 0x5c7, который является недопустимым в текущей исходной кодировке (кодовая страница 65001).
  (компиляция исходного файла "Game.cpp")
  
C:\Users\user\source\repos\ChaosOfSymbols\ChaosOfSymbols\SaveSelectionMenu.h(1,1): warning C4828: Файл содержит знак, начинающийся со смещения 0x5ca, который является недопустимым в текущей исходной кодировке (кодовая страница 65001).
  (компиляция исходного файла "Game.cpp")
  
C:\Users\user\source\repos\ChaosOfSymbols\ChaosOfSymbols\SaveSelectionMenu.h(1,1): warning C4828: Файл содержит знак, начинающийся со смещения 0x5cd, который является недопустимым в текущей исходной кодировке (кодовая страница 65001).
  (компиляция исходного файла "Game.cpp")
  
C:\Users\user\source\repos\ChaosOfSymbols\ChaosOfSymbols\SaveSelectionMenu.h(1,1): warning C4828: Файл содержит знак, начинающийся со смещения 0x617, который является недопустимым в текущей исходной кодировке (кодовая страница 65001).
  (компиляция исходного файла "Game.cpp")
  
C:\Users\user\source\repos\ChaosOfSymbols\ChaosOfSymbols\SaveSelectionMenu.h(1,1): warning C4828: Файл содержит знак, начинающийся со смещения 0x619, который является недопустимым в текущей исходной кодировке (кодовая страница 65001).
  (компиляция исходного файла "Game.cpp")
  
C:\Users\user\source\repos\ChaosOfSymbols\ChaosOfSymbols\SaveSelectionMenu.h(1,1): warning C4828: Файл содержит знак, начинающийся со смещения 0x61c, который является недопустимым в текущей исходной кодировке (кодовая страница 65001).
  (компиляция исходного файла "Game.cpp")
  
C:\Users\user\source\repos\ChaosOfSymbols\ChaosOfSymbols\SaveSelectionMenu.h(1,1): warning C4828: Файл содержит знак, начинающийся со смещения 0x620, который является недопустимым в текущей исходной кодировке (кодовая страница 65001).
  (компиляция исходного файла "Game.cpp")
  
C:\Users\user\source\repos\ChaosOfSymbols\ChaosOfSymbols\SaveSelectionMenu.h(1,1): warning C4828: Файл содержит знак, начинающийся со смещения 0x623, который является недопустимым в текущей исходной кодировке (кодовая страница 65001).
  (компиляция исходного файла "Game.cpp")
  
C:\Users\user\source\repos\ChaosOfSymbols\ChaosOfSymbols\SaveSelectionMenu.h(1,1): warning C4828: Файл содержит знак, начинающийся со смещения 0x626, который является недопустимым в текущей исходной кодировке (кодовая страница 65001).
  (компиляция исходного файла "Game.cpp")
  
C:\Users\user\source\repos\ChaosOfSymbols\ChaosOfSymbols\SaveSelectionMenu.h(1,1): warning C4828: Файл содержит знак, начинающийся со смещения 0x629, который является недопустимым в текущей исходной кодировке (кодовая страница 65001).
  (компиляция исходного файла "Game.cpp")
  
C:\Users\user\source\repos\ChaosOfSymbols\ChaosOfSymbols\SaveSelectionMenu.h(1,1): warning C4828: Файл содержит знак, начинающийся со смещения 0x62d, который является недопустимым в текущей исходной кодировке (кодовая страница 65001).
  (компиляция исходного файла "Game.cpp")
  
C:\Users\user\source\repos\ChaosOfSymbols\ChaosOfSymbols\SaveSelectionMenu.h(1,1): warning C4828: Файл содержит знак, начинающийся со смещения 0x630, который является недопустимым в текущей исходной кодировке (кодовая страница 65001).
  (компиляция исходного файла "Game.cpp")
  
C:\Users\user\source\repos\ChaosOfSymbols\ChaosOfSymbols\SaveSelectionMenu.h(1,1): warning C4828: Файл содержит знак, начинающийся со смещения 0x633, который является недопустимым в текущей исходной кодировке (кодовая страница 65001).
  (компиляция исходного файла "Game.cpp")
  
C:\Users\user\source\repos\ChaosOfSymbols\ChaosOfSymbols\SaveSelectionMenu.h(1,1): warning C4828: Файл содержит знак, начинающийся со смещения 0x637, который является недопустимым в текущей исходной кодировке (кодовая страница 65001).
  (компиляция исходного файла "Game.cpp")
  
C:\Users\user\source\repos\ChaosOfSymbols\ChaosOfSymbols\SaveSelectionMenu.h(1,1): warning C4828: Файл содержит знак, начинающийся со смещения 0x63a, который является недопустимым в текущей исходной кодировке (кодовая страница 65001).
  (компиляция исходного файла "Game.cpp")
  
C:\Users\user\source\repos\ChaosOfSymbols\ChaosOfSymbols\SaveSelectionMenu.h(1,1): warning C4828: Файл содержит знак, начинающийся со смещения 0x63d, который является недопустимым в текущей исходной кодировке (кодовая страница 65001).
  (компиляция исходного файла "Game.cpp")
  
C:\Users\user\source\repos\ChaosOfSymbols\ChaosOfSymbols\SaveSelectionMenu.h(1,1): warning C4828: Файл содержит знак, начинающийся со смещения 0x640, который является недопустимым в текущей исходной кодировке (кодовая страница 65001).
  (компиляция исходного файла "Game.cpp")
  
C:\Users\user\source\repos\ChaosOfSymbols\ChaosOfSymbols\SaveSelectionMenu.h(1,1): warning C4828: Файл содержит знак, начинающийся со смещения 0x76a, который является недопустимым в текущей исходной кодировке (кодовая страница 65001).
  (компиляция исходного файла "Game.cpp")
  
C:\Users\user\source\repos\ChaosOfSymbols\ChaosOfSymbols\SaveSelectionMenu.h(1,1): warning C4828: Файл содержит знак, начинающийся со смещения 0x76c, который является недопустимым в текущей исходной кодировке (кодовая страница 65001).
  (компиляция исходного файла "Game.cpp")
  
C:\Users\user\source\repos\ChaosOfSymbols\ChaosOfSymbols\SaveSelectionMenu.h(1,1): warning C4828: Файл содержит знак, начинающийся со смещения 0x770, который является недопустимым в текущей исходной кодировке (кодовая страница 65001).
  (компиляция исходного файла "Game.cpp")
  
C:\Users\user\source\repos\ChaosOfSymbols\ChaosOfSymbols\SaveSelectionMenu.h(1,1): warning C4828: Файл содержит знак, начинающийся со смещения 0x773, который является недопустимым в текущей исходной кодировке (кодовая страница 65001).
  (компиляция исходного файла "Game.cpp")
  
C:\Users\user\source\repos\ChaosOfSymbols\ChaosOfSymbols\SaveSelectionMenu.h(1,1): warning C4828: Файл содержит знак, начинающийся со смещения 0x775, который является недопустимым в текущей исходной кодировке (кодовая страница 65001).
  (компиляция исходного файла "Game.cpp")
  
C:\Users\user\source\repos\ChaosOfSymbols\ChaosOfSymbols\SaveSelectionMenu.h(1,1): warning C4828: Файл содержит знак, начинающийся со смещения 0x779, который является недопустимым в текущей исходной кодировке (кодовая страница 65001).
  (компиляция исходного файла "Game.cpp")
  
C:\Users\user\source\repos\ChaosOfSymbols\ChaosOfSymbols\SaveSelectionMenu.h(1,1): warning C4828: Файл содержит знак, начинающийся со смещения 0x77c, который является недопустимым в текущей исходной кодировке (кодовая страница 65001).
  (компиляция исходного файла "Game.cpp")
  
C:\Users\user\source\repos\ChaosOfSymbols\ChaosOfSymbols\SaveSelectionMenu.h(1,1): warning C4828: Файл содержит знак, начинающийся со смещения 0x780, который является недопустимым в текущей исходной кодировке (кодовая страница 65001).
  (компиляция исходного файла "Game.cpp")
  
C:\Users\user\source\repos\ChaosOfSymbols\ChaosOfSymbols\SaveSelectionMenu.h(1,1): warning C4828: Файл содержит знак, начинающийся со смещения 0x783, который является недопустимым в текущей исходной кодировке (кодовая страница 65001).
  (компиляция исходного файла "Game.cpp")
  
C:\Users\user\source\repos\ChaosOfSymbols\ChaosOfSymbols\SaveSelectionMenu.h(1,1): warning C4828: Файл содержит знак, начинающийся со смещения 0x786, который является недопустимым в текущей исходной кодировке (кодовая страница 65001).
  (компиляция исходного файла "Game.cpp")
  
C:\Users\user\source\repos\ChaosOfSymbols\ChaosOfSymbols\SaveSelectionMenu.h(1,1): warning C4828: Файл содержит знак, начинающийся со смещения 0x789, который является недопустимым в текущей исходной кодировке (кодовая страница 65001).
  (компиляция исходного файла "Game.cpp")
  
C:\Users\user\source\repos\ChaosOfSymbols\ChaosOfSymbols\SaveSystem.h(1,1): warning C4828: Файл содержит знак, начинающийся со смещения 0xe7, который является недопустимым в текущей исходной кодировке (кодовая страница 65001).
  (компиляция исходного файла "Game.cpp")
  
C:\Users\user\source\repos\ChaosOfSymbols\ChaosOfSymbols\SaveSystem.h(1,1): warning C4828: Файл содержит знак, начинающийся со смещения 0xe9, который является недопустимым в текущей исходной кодировке (кодовая страница 65001).
  (компиляция исходного файла "Game.cpp")
  
C:\Users\user\source\repos\ChaosOfSymbols\ChaosOfSymbols\SaveSystem.h(1,1): warning C4828: Файл содержит знак, начинающийся со смещения 0xec, который является недопустимым в текущей исходной кодировке (кодовая страница 65001).
  (компиляция исходного файла "Game.cpp")
  
C:\Users\user\source\repos\ChaosOfSymbols\ChaosOfSymbols\SaveSystem.h(1,1): warning C4828: Файл содержит знак, начинающийся со смещения 0xf0, который является недопустимым в текущей исходной кодировке (кодовая страница 65001).
  (компиляция исходного файла "Game.cpp")
  
C:\Users\user\source\repos\ChaosOfSymbols\ChaosOfSymbols\SaveSystem.h(1,1): warning C4828: Файл содержит знак, начинающийся со смещения 0xf3, который является недопустимым в текущей исходной кодировке (кодовая страница 65001).
  (компиляция исходного файла "Game.cpp")
  
C:\Users\user\source\repos\ChaosOfSymbols\ChaosOfSymbols\SaveSystem.h(1,1): warning C4828: Файл содержит знак, начинающийся со смещения 0x248, который является недопустимым в текущей исходной кодировке (кодовая страница 65001).
  (компиляция исходного файла "Game.cpp")
  
C:\Users\user\source\repos\ChaosOfSymbols\ChaosOfSymbols\SaveSystem.h(1,1): warning C4828: Файл содержит знак, начинающийся со смещения 0x24a, который является недопустимым в текущей исходной кодировке (кодовая страница 65001).
  (компиляция исходного файла "Game.cpp")
  
C:\Users\user\source\repos\ChaosOfSymbols\ChaosOfSymbols\SaveSystem.h(1,1): warning C4828: Файл содержит знак, начинающийся со смещения 0x24f, который является недопустимым в текущей исходной кодировке (кодовая страница 65001).
  (компиляция исходного файла "Game.cpp")
  
C:\Users\user\source\repos\ChaosOfSymbols\ChaosOfSymbols\SaveSystem.h(1,1): warning C4828: Файл содержит знак, начинающийся со смещения 0x253, который является недопустимым в текущей исходной кодировке (кодовая страница 65001).
  (компиляция исходного файла "Game.cpp")
  
C:\Users\user\source\repos\ChaosOfSymbols\ChaosOfSymbols\SaveSystem.h(1,1): warning C4828: Файл содержит знак, начинающийся со смещения 0x257, который является недопустимым в текущей исходной кодировке (кодовая страница 65001).
  (компиляция исходного файла "Game.cpp")
  
C:\Users\user\source\repos\ChaosOfSymbols\ChaosOfSymbols\SaveSystem.h(1,1): warning C4828: Файл содержит знак, начинающийся со смещения 0x25c, который является недопустимым в текущей исходной кодировке (кодовая страница 65001).
  (компиляция исходного файла "Game.cpp")
  
C:\Users\user\source\repos\ChaosOfSymbols\ChaosOfSymbols\SaveSystem.h(1,1): warning C4828: Файл содержит знак, начинающийся со смещения 0x25f, который является недопустимым в текущей исходной кодировке (кодовая страница 65001).
  (компиляция исходного файла "Game.cpp")
  
C:\Users\user\source\repos\ChaosOfSymbols\ChaosOfSymbols\SaveSystem.h(1,1): warning C4828: Файл содержит знак, начинающийся со смещения 0x263, который является недопустимым в текущей исходной кодировке (кодовая страница 65001).
  (компиляция исходного файла "Game.cpp")
  
C:\Users\user\source\repos\ChaosOfSymbols\ChaosOfSymbols\SaveSystem.h(1,1): warning C4828: Файл содержит знак, начинающийся со смещения 0x266, который является недопустимым в текущей исходной кодировке (кодовая страница 65001).
  (компиляция исходного файла "Game.cpp")
  
C:\Users\user\source\repos\ChaosOfSymbols\ChaosOfSymbols\SaveSystem.h(1,1): warning C4828: Файл содержит знак, начинающийся со смещения 0x26a, который является недопустимым в текущей исходной кодировке (кодовая страница 65001).
  (компиляция исходного файла "Game.cpp")
  
C:\Users\user\source\repos\ChaosOfSymbols\ChaosOfSymbols\SaveSystem.h(1,1): warning C4828: Файл содержит знак, начинающийся со смещения 0x26d, который является недопустимым в текущей исходной кодировке (кодовая страница 65001).
  (компиляция исходного файла "Game.cpp")
  
C:\Users\user\source\repos\ChaosOfSymbols\ChaosOfSymbols\SaveSystem.h(1,1): warning C4828: Файл содержит знак, начинающийся со смещения 0x414, который является недопустимым в текущей исходной кодировке (кодовая страница 65001).
  (компиляция исходного файла "Game.cpp")
  
C:\Users\user\source\repos\ChaosOfSymbols\ChaosOfSymbols\SaveSystem.h(1,1): warning C4828: Файл содержит знак, начинающийся со смещения 0x416, который является недопустимым в текущей исходной кодировке (кодовая страница 65001).
  (компиляция исходного файла "Game.cpp")
  
C:\Users\user\source\repos\ChaosOfSymbols\ChaosOfSymbols\SaveSystem.h(1,1): warning C4828: Файл содержит знак, начинающийся со смещения 0x41a, который является недопустимым в текущей исходной кодировке (кодовая страница 65001).
  (компиляция исходного файла "Game.cpp")
  
C:\Users\user\source\repos\ChaosOfSymbols\ChaosOfSymbols\SaveSystem.h(1,1): warning C4828: Файл содержит знак, начинающийся со смещения 0x41d, который является недопустимым в текущей исходной кодировке (кодовая страница 65001).
  (компиляция исходного файла "Game.cpp")
  
C:\Users\user\source\repos\ChaosOfSymbols\ChaosOfSymbols\SaveSystem.h(1,1): warning C4828: Файл содержит знак, начинающийся со смещения 0x421, который является недопустимым в текущей исходной кодировке (кодовая страница 65001).
  (компиляция исходного файла "Game.cpp")
  
C:\Users\user\source\repos\ChaosOfSymbols\ChaosOfSymbols\SaveSystem.h(1,1): warning C4828: Файл содержит знак, начинающийся со смещения 0x425, который является недопустимым в текущей исходной кодировке (кодовая страница 65001).
  (компиляция исходного файла "Game.cpp")
  
C:\Users\user\source\repos\ChaosOfSymbols\ChaosOfSymbols\SaveSystem.h(1,1): warning C4828: Файл содержит знак, начинающийся со смещения 0x428, который является недопустимым в текущей исходной кодировке (кодовая страница 65001).
  (компиляция исходного файла "Game.cpp")
  
C:\Users\user\source\repos\ChaosOfSymbols\ChaosOfSymbols\SaveSystem.h(1,1): warning C4828: Файл содержит знак, начинающийся со смещения 0x42c, который является недопустимым в текущей исходной кодировке (кодовая страница 65001).
  (компиляция исходного файла "Game.cpp")
  
C:\Users\user\source\repos\ChaosOfSymbols\ChaosOfSymbols\SaveSystem.h(1,1): warning C4828: Файл содержит знак, начинающийся со смещения 0x42f, который является недопустимым в текущей исходной кодировке (кодовая страница 65001).
  (компиляция исходного файла "Game.cpp")
  
C:\Users\user\source\repos\ChaosOfSymbols\ChaosOfSymbols\SaveSystem.h(1,1): warning C4828: Файл содержит знак, начинающийся со смещения 0x432, который является недопустимым в текущей исходной кодировке (кодовая страница 65001).
  (компиляция исходного файла "Game.cpp")
  
C:\Users\user\source\repos\ChaosOfSymbols\ChaosOfSymbols\SaveSystem.h(1,1): warning C4828: Файл содержит знак, начинающийся со смещения 0x435, который является недопустимым в текущей исходной кодировке (кодовая страница 65001).
  (компиляция исходного файла "Game.cpp")
  
C:\Users\user\source\repos\ChaosOfSymbols\ChaosOfSymbols\SaveSystem.h(1,1): warning C4828: Файл содержит знак, начинающийся со смещения 0x4e2, который является недопустимым в текущей исходной кодировке (кодовая страница 65001).
  (компиляция исходного файла "Game.cpp")
  
C:\Users\user\source\repos\ChaosOfSymbols\ChaosOfSymbols\SaveSystem.h(1,1): warning C4828: Файл содержит знак, начинающийся со смещения 0x4e4, который является недопустимым в текущей исходной кодировке (кодовая страница 65001).
  (компиляция исходного файла "Game.cpp")
  
C:\Users\user\source\repos\ChaosOfSymbols\ChaosOfSymbols\SaveSystem.h(1,1): warning C4828: Файл содержит знак, начинающийся со смещения 0x4e9, который является недопустимым в текущей исходной кодировке (кодовая страница 65001).
  (компиляция исходного файла "Game.cpp")
  
C:\Users\user\source\repos\ChaosOfSymbols\ChaosOfSymbols\SaveSystem.h(1,1): warning C4828: Файл содержит знак, начинающийся со смещения 0x4ed, который является недопустимым в текущей исходной кодировке (кодовая страница 65001).
  (компиляция исходного файла "Game.cpp")
  
C:\Users\user\source\repos\ChaosOfSymbols\ChaosOfSymbols\SaveSystem.h(1,1): warning C4828: Файл содержит знак, начинающийся со смещения 0x4f0, который является недопустимым в текущей исходной кодировке (кодовая страница 65001).
  (компиляция исходного файла "Game.cpp")
  
C:\Users\user\source\repos\ChaosOfSymbols\ChaosOfSymbols\SaveSystem.h(1,1): warning C4828: Файл содержит знак, начинающийся со смещения 0x4f4, который является недопустимым в текущей исходной кодировке (кодовая страница 65001).
  (компиляция исходного файла "Game.cpp")
  
C:\Users\user\source\repos\ChaosOfSymbols\ChaosOfSymbols\SaveSystem.h(1,1): warning C4828: Файл содержит знак, начинающийся со смещения 0x4f7, который является недопустимым в текущей исходной кодировке (кодовая страница 65001).
  (компиляция исходного файла "Game.cpp")
  
C:\Users\user\source\repos\ChaosOfSymbols\ChaosOfSymbols\SaveSystem.h(1,1): warning C4828: Файл содержит знак, начинающийся со смещения 0x4fa, который является недопустимым в текущей исходной кодировке (кодовая страница 65001).
  (компиляция исходного файла "Game.cpp")
  
C:\Users\user\source\repos\ChaosOfSymbols\ChaosOfSymbols\SaveSystem.h(1,1): warning C4828: Файл содержит знак, начинающийся со смещения 0x4fd, который является недопустимым в текущей исходной кодировке (кодовая страница 65001).
  (компиляция исходного файла "Game.cpp")
  
C:\Users\user\source\repos\ChaosOfSymbols\ChaosOfSymbols\SaveSystem.h(1,1): warning C4828: Файл содержит знак, начинающийся со смещения 0x500, который является недопустимым в текущей исходной кодировке (кодовая страница 65001).
  (компиляция исходного файла "Game.cpp")
  
C:\Users\user\source\repos\ChaosOfSymbols\ChaosOfSymbols\SaveSystem.h(1,1): warning C4828: Файл содержит знак, начинающийся со смещения 0x504, который является недопустимым в текущей исходной кодировке (кодовая страница 65001).
  (компиляция исходного файла "Game.cpp")
  
C:\Users\user\source\repos\ChaosOfSymbols\ChaosOfSymbols\SaveSystem.h(1,1): warning C4828: Файл содержит знак, начинающийся со смещения 0x561, который является недопустимым в текущей исходной кодировке (кодовая страница 65001).
  (компиляция исходного файла "Game.cpp")
  
C:\Users\user\source\repos\ChaosOfSymbols\ChaosOfSymbols\SaveSystem.h(1,1): warning C4828: Файл содержит знак, начинающийся со смещения 0x563, который является недопустимым в текущей исходной кодировке (кодовая страница 65001).
  (компиляция исходного файла "Game.cpp")
  
C:\Users\user\source\repos\ChaosOfSymbols\ChaosOfSymbols\SaveSystem.h(1,1): warning C4828: Файл содержит знак, начинающийся со смещения 0x566, который является недопустимым в текущей исходной кодировке (кодовая страница 65001).
  (компиляция исходного файла "Game.cpp")
  
C:\Users\user\source\repos\ChaosOfSymbols\ChaosOfSymbols\SaveSystem.h(1,1): warning C4828: Файл содержит знак, начинающийся со смещения 0x569, который является недопустимым в текущей исходной кодировке (кодовая страница 65001).
  (компиляция исходного файла "Game.cpp")
  
C:\Users\user\source\repos\ChaosOfSymbols\ChaosOfSymbols\SaveSystem.h(1,1): warning C4828: Файл содержит знак, начинающийся со смещения 0x56d, который является недопустимым в текущей исходной кодировке (кодовая страница 65001).
  (компиляция исходного файла "Game.cpp")
  
C:\Users\user\source\repos\ChaosOfSymbols\ChaosOfSymbols\SaveSystem.h(1,1): warning C4828: Файл содержит знак, начинающийся со смещения 0x571, который является недопустимым в текущей исходной кодировке (кодовая страница 65001).
  (компиляция исходного файла "Game.cpp")
  
C:\Users\user\source\repos\ChaosOfSymbols\ChaosOfSymbols\SaveSystem.h(1,1): warning C4828: Файл содержит знак, начинающийся со смещения 0x574, который является недопустимым в текущей исходной кодировке (кодовая страница 65001).
  (компиляция исходного файла "Game.cpp")
  
C:\Users\user\source\repos\ChaosOfSymbols\ChaosOfSymbols\SaveSystem.h(1,1): warning C4828: Файл содержит знак, начинающийся со смещения 0x89d, который является недопустимым в текущей исходной кодировке (кодовая страница 65001).
  (компиляция исходного файла "Game.cpp")
  
C:\Users\user\source\repos\ChaosOfSymbols\ChaosOfSymbols\SaveSystem.h(1,1): warning C4828: Файл содержит знак, начинающийся со смещения 0x89f, который является недопустимым в текущей исходной кодировке (кодовая страница 65001).
  (компиляция исходного файла "Game.cpp")
  
C:\Users\user\source\repos\ChaosOfSymbols\ChaosOfSymbols\SaveSystem.h(1,1): warning C4828: Файл содержит знак, начинающийся со смещения 0x8a2, который является недопустимым в текущей исходной кодировке (кодовая страница 65001).
  (компиляция исходного файла "Game.cpp")
  
C:\Users\user\source\repos\ChaosOfSymbols\ChaosOfSymbols\SaveSystem.h(1,1): warning C4828: Файл содержит знак, начинающийся со смещения 0x8a5, который является недопустимым в текущей исходной кодировке (кодовая страница 65001).
  (компиляция исходного файла "Game.cpp")
  
C:\Users\user\source\repos\ChaosOfSymbols\ChaosOfSymbols\SaveSystem.h(1,1): warning C4828: Файл содержит знак, начинающийся со смещения 0x8a9, который является недопустимым в текущей исходной кодировке (кодовая страница 65001).
  (компиляция исходного файла "Game.cpp")
  
C:\Users\user\source\repos\ChaosOfSymbols\ChaosOfSymbols\SaveSystem.h(1,1): warning C4828: Файл содержит знак, начинающийся со смещения 0x8ac, который является недопустимым в текущей исходной кодировке (кодовая страница 65001).
  (компиляция исходного файла "Game.cpp")
  
C:\Users\user\source\repos\ChaosOfSymbols\ChaosOfSymbols\SaveSystem.h(1,1): warning C4828: Файл содержит знак, начинающийся со смещения 0x8b0, который является недопустимым в текущей исходной кодировке (кодовая страница 65001).
  (компиляция исходного файла "Game.cpp")
  
C:\Users\user\source\repos\ChaosOfSymbols\ChaosOfSymbols\SaveSystem.h(1,1): warning C4828: Файл содержит знак, начинающийся со смещения 0x8b4, который является недопустимым в текущей исходной кодировке (кодовая страница 65001).
  (компиляция исходного файла "Game.cpp")
  
C:\Users\user\source\repos\ChaosOfSymbols\ChaosOfSymbols\WorldEditorConfig.h(1,1): warning C4828: Файл содержит знак, начинающийся со смещения 0x35b, который является недопустимым в текущей исходной кодировке (кодовая страница 65001).
  (компиляция исходного файла "Game.cpp")
  
C:\Users\user\source\repos\ChaosOfSymbols\ChaosOfSymbols\WorldEditorConfig.h(1,1): warning C4828: Файл содержит знак, начинающийся со смещения 0x35e, который является недопустимым в текущей исходной кодировке (кодовая страница 65001).
  (компиляция исходного файла "Game.cpp")
  
C:\Users\user\source\repos\ChaosOfSymbols\ChaosOfSymbols\WorldEditorConfig.h(1,1): warning C4828: Файл содержит знак, начинающийся со смещения 0x361, который является недопустимым в текущей исходной кодировке (кодовая страница 65001).
  (компиляция исходного файла "Game.cpp")
  
C:\Users\user\source\repos\ChaosOfSymbols\ChaosOfSymbols\WorldEditorConfig.h(1,1): warning C4828: Файл содержит знак, начинающийся со смещения 0x364, который является недопустимым в текущей исходной кодировке (кодовая страница 65001).
  (компиляция исходного файла "Game.cpp")
  
C:\Users\user\source\repos\ChaosOfSymbols\ChaosOfSymbols\WorldEditorConfig.h(1,1): warning C4828: Файл содержит знак, начинающийся со смещения 0x367, который является недопустимым в текущей исходной кодировке (кодовая страница 65001).
  (компиляция исходного файла "Game.cpp")
  
C:\Users\user\source\repos\ChaosOfSymbols\ChaosOfSymbols\WorldEditorConfig.h(1,1): warning C4828: Файл содержит знак, начинающийся со смещения 0x36b, который является недопустимым в текущей исходной кодировке (кодовая страница 65001).
  (компиляция исходного файла "Game.cpp")
  
C:\Users\user\source\repos\ChaosOfSymbols\ChaosOfSymbols\WorldEditorConfig.h(1,1): warning C4828: Файл содержит знак, начинающийся со смещения 0x36e, который является недопустимым в текущей исходной кодировке (кодовая страница 65001).
  (компиляция исходного файла "Game.cpp")
  
C:\Users\user\source\repos\ChaosOfSymbols\ChaosOfSymbols\WorldEditorConfig.h(1,1): warning C4828: Файл содержит знак, начинающийся со смещения 0x38e, который является недопустимым в текущей исходной кодировке (кодовая страница 65001).
  (компиляция исходного файла "Game.cpp")
  
C:\Users\user\source\repos\ChaosOfSymbols\ChaosOfSymbols\WorldEditorConfig.h(1,1): warning C4828: Файл содержит знак, начинающийся со смещения 0x391, который является недопустимым в текущей исходной кодировке (кодовая страница 65001).
  (компиляция исходного файла "Game.cpp")
  
C:\Users\user\source\repos\ChaosOfSymbols\ChaosOfSymbols\WorldEditorConfig.h(1,1): warning C4828: Файл содержит знак, начинающийся со смещения 0x394, который является недопустимым в текущей исходной кодировке (кодовая страница 65001).
  (компиляция исходного файла "Game.cpp")
  
C:\Users\user\source\repos\ChaosOfSymbols\ChaosOfSymbols\WorldEditorConfig.h(1,1): warning C4828: Файл содержит знак, начинающийся со смещения 0x397, который является недопустимым в текущей исходной кодировке (кодовая страница 65001).
  (компиляция исходного файла "Game.cpp")
  
C:\Users\user\source\repos\ChaosOfSymbols\ChaosOfSymbols\WorldEditorConfig.h(1,1): warning C4828: Файл содержит знак, начинающийся со смещения 0x39a, который является недопустимым в текущей исходной кодировке (кодовая страница 65001).
  (компиляция исходного файла "Game.cpp")
  
C:\Users\user\source\repos\ChaosOfSymbols\ChaosOfSymbols\WorldEditorConfig.h(1,1): warning C4828: Файл содержит знак, начинающийся со смещения 0x39e, который является недопустимым в текущей исходной кодировке (кодовая страница 65001).
  (компиляция исходного файла "Game.cpp")
  
C:\Users\user\source\repos\ChaosOfSymbols\ChaosOfSymbols\WorldEditorConfig.h(1,1): warning C4828: Файл содержит знак, начинающийся со смещения 0x3a1, который является недопустимым в текущей исходной кодировке (кодовая страница 65001).
  (компиляция исходного файла "Game.cpp")
  
C:\Users\user\source\repos\ChaosOfSymbols\ChaosOfSymbols\InputManager.h(1,1): warning C4828: Файл содержит знак, начинающийся со смещения 0xa3, который является недопустимым в текущей исходной кодировке (кодовая страница 65001).
  (компиляция исходного файла "Game.cpp")
  
C:\Users\user\source\repos\ChaosOfSymbols\ChaosOfSymbols\InputManager.h(1,1): warning C4828: Файл содержит знак, начинающийся со смещения 0xa5, который является недопустимым в текущей исходной кодировке (кодовая страница 65001).
  (компиляция исходного файла "Game.cpp")
  
C:\Users\user\source\repos\ChaosOfSymbols\ChaosOfSymbols\InputManager.h(1,1): warning C4828: Файл содержит знак, начинающийся со смещения 0xa8, который является недопустимым в текущей исходной кодировке (кодовая страница 65001).
  (компиляция исходного файла "Game.cpp")
  
C:\Users\user\source\repos\ChaosOfSymbols\ChaosOfSymbols\InputManager.h(1,1): warning C4828: Файл содержит знак, начинающийся со смещения 0xac, который является недопустимым в текущей исходной кодировке (кодовая страница 65001).
  (компиляция исходного файла "Game.cpp")
  
C:\Users\user\source\repos\ChaosOfSymbols\ChaosOfSymbols\InputManager.h(1,1): warning C4828: Файл содержит знак, начинающийся со смещения 0xaf, который является недопустимым в текущей исходной кодировке (кодовая страница 65001).
  (компиляция исходного файла "Game.cpp")
  
C:\Users\user\source\repos\ChaosOfSymbols\ChaosOfSymbols\InputManager.h(1,1): warning C4828: Файл содержит знак, начинающийся со смещения 0xb3, который является недопустимым в текущей исходной кодировке (кодовая страница 65001).
  (компиляция исходного файла "Game.cpp")
  
C:\Users\user\source\repos\ChaosOfSymbols\ChaosOfSymbols\InputManager.h(1,1): warning C4828: Файл содержит знак, начинающийся со смещения 0xb6, который является недопустимым в текущей исходной кодировке (кодовая страница 65001).
  (компиляция исходного файла "Game.cpp")
  
C:\Users\user\source\repos\ChaosOfSymbols\ChaosOfSymbols\InputManager.h(1,1): warning C4828: Файл содержит знак, начинающийся со смещения 0xb9, который является недопустимым в текущей исходной кодировке (кодовая страница 65001).
  (компиляция исходного файла "Game.cpp")
  
C:\Users\user\source\repos\ChaosOfSymbols\ChaosOfSymbols\InputManager.h(1,1): warning C4828: Файл содержит знак, начинающийся со смещения 0xbc, который является недопустимым в текущей исходной кодировке (кодовая страница 65001).
  (компиляция исходного файла "Game.cpp")
  
C:\Users\user\source\repos\ChaosOfSymbols\ChaosOfSymbols\InputManager.h(1,1): warning C4828: Файл содержит знак, начинающийся со смещения 0xbf, который является недопустимым в текущей исходной кодировке (кодовая страница 65001).
  (компиляция исходного файла "Game.cpp")
  
C:\Users\user\source\repos\ChaosOfSymbols\ChaosOfSymbols\InputManager.h(1,1): warning C4828: Файл содержит знак, начинающийся со смещения 0x159, который является недопустимым в текущей исходной кодировке (кодовая страница 65001).
  (компиляция исходного файла "Game.cpp")
  
C:\Users\user\source\repos\ChaosOfSymbols\ChaosOfSymbols\InputManager.h(1,1): warning C4828: Файл содержит знак, начинающийся со смещения 0x15b, который является недопустимым в текущей исходной кодировке (кодовая страница 65001).
  (компиляция исходного файла "Game.cpp")
  
C:\Users\user\source\repos\ChaosOfSymbols\ChaosOfSymbols\InputManager.h(1,1): warning C4828: Файл содержит знак, начинающийся со смещения 0x15e, который является недопустимым в текущей исходной кодировке (кодовая страница 65001).
  (компиляция исходного файла "Game.cpp")
  
C:\Users\user\source\repos\ChaosOfSymbols\ChaosOfSymbols\InputManager.h(1,1): warning C4828: Файл содержит знак, начинающийся со смещения 0x161, который является недопустимым в текущей исходной кодировке (кодовая страница 65001).
  (компиляция исходного файла "Game.cpp")
  
C:\Users\user\source\repos\ChaosOfSymbols\ChaosOfSymbols\InputManager.h(1,1): warning C4828: Файл содержит знак, начинающийся со смещения 0x165, который является недопустимым в текущей исходной кодировке (кодовая страница 65001).
  (компиляция исходного файла "Game.cpp")
  
C:\Users\user\source\repos\ChaosOfSymbols\ChaosOfSymbols\InputManager.h(1,1): warning C4828: Файл содержит знак, начинающийся со смещения 0x168, который является недопустимым в текущей исходной кодировке (кодовая страница 65001).
  (компиляция исходного файла "Game.cpp")
  
C:\Users\user\source\repos\ChaosOfSymbols\ChaosOfSymbols\InputManager.h(1,1): warning C4828: Файл содержит знак, начинающийся со смещения 0x16c, который является недопустимым в текущей исходной кодировке (кодовая страница 65001).
  (компиляция исходного файла "Game.cpp")
  
C:\Users\user\source\repos\ChaosOfSymbols\ChaosOfSymbols\InputManager.h(1,1): warning C4828: Файл содержит знак, начинающийся со смещения 0x170, который является недопустимым в текущей исходной кодировке (кодовая страница 65001).
  (компиляция исходного файла "Game.cpp")
  
C:\Users\user\source\repos\ChaosOfSymbols\ChaosOfSymbols\InputManager.h(1,1): warning C4828: Файл содержит знак, начинающийся со смещения 0x173, который является недопустимым в текущей исходной кодировке (кодовая страница 65001).
  (компиляция исходного файла "Game.cpp")
  
C:\Users\user\source\repos\ChaosOfSymbols\ChaosOfSymbols\InputManager.h(1,1): warning C4828: Файл содержит знак, начинающийся со смещения 0x176, который является недопустимым в текущей исходной кодировке (кодовая страница 65001).
  (компиляция исходного файла "Game.cpp")
  
C:\Users\user\source\repos\ChaosOfSymbols\ChaosOfSymbols\InputManager.h(1,1): warning C4828: Файл содержит знак, начинающийся со смещения 0x17a, который является недопустимым в текущей исходной кодировке (кодовая страница 65001).
  (компиляция исходного файла "Game.cpp")
  
C:\Users\user\source\repos\ChaosOfSymbols\ChaosOfSymbols\InputManager.h(1,1): warning C4828: Файл содержит знак, начинающийся со смещения 0x17e, который является недопустимым в текущей исходной кодировке (кодовая страница 65001).
  (компиляция исходного файла "Game.cpp")
  
C:\Users\user\source\repos\ChaosOfSymbols\ChaosOfSymbols\InputManager.h(1,1): warning C4828: Файл содержит знак, начинающийся со смещения 0x181, который является недопустимым в текущей исходной кодировке (кодовая страница 65001).
  (компиляция исходного файла "Game.cpp")
  
C:\Users\user\source\repos\ChaosOfSymbols\ChaosOfSymbols\InputManager.h(1,1): warning C4828: Файл содержит знак, начинающийся со смещения 0x364, который является недопустимым в текущей исходной кодировке (кодовая страница 65001).
  (компиляция исходного файла "Game.cpp")
  
C:\Users\user\source\repos\ChaosOfSymbols\ChaosOfSymbols\InputManager.h(1,1): warning C4828: Файл содержит знак, начинающийся со смещения 0x366, который является недопустимым в текущей исходной кодировке (кодовая страница 65001).
  (компиляция исходного файла "Game.cpp")
  
C:\Users\user\source\repos\ChaosOfSymbols\ChaosOfSymbols\InputManager.h(1,1): warning C4828: Файл содержит знак, начинающийся со смещения 0x36a, который является недопустимым в текущей исходной кодировке (кодовая страница 65001).
  (компиляция исходного файла "Game.cpp")
  
C:\Users\user\source\repos\ChaosOfSymbols\ChaosOfSymbols\WorldEditor.h(1,1): warning C4828: Файл содержит знак, начинающийся со смещения 0x190, который является недопустимым в текущей исходной кодировке (кодовая страница 65001).
  (компиляция исходного файла "Game.cpp")
  
C:\Users\user\source\repos\ChaosOfSymbols\ChaosOfSymbols\WorldEditor.h(1,1): warning C4828: Файл содержит знак, начинающийся со смещения 0x192, который является недопустимым в текущей исходной кодировке (кодовая страница 65001).
  (компиляция исходного файла "Game.cpp")
  
C:\Users\user\source\repos\ChaosOfSymbols\ChaosOfSymbols\WorldEditor.h(1,1): warning C4828: Файл содержит знак, начинающийся со смещения 0x196, который является недопустимым в текущей исходной кодировке (кодовая страница 65001).
  (компиляция исходного файла "Game.cpp")
  
C:\Users\user\source\repos\ChaosOfSymbols\ChaosOfSymbols\WorldEditor.h(1,1): warning C4828: Файл содержит знак, начинающийся со смещения 0x19a, который является недопустимым в текущей исходной кодировке (кодовая страница 65001).
  (компиляция исходного файла "Game.cpp")
  
C:\Users\user\source\repos\ChaosOfSymbols\ChaosOfSymbols\WorldEditor.h(1,1): warning C4828: Файл содержит знак, начинающийся со смещения 0x19e, который является недопустимым в текущей исходной кодировке (кодовая страница 65001).
  (компиляция исходного файла "Game.cpp")
  
C:\Users\user\source\repos\ChaosOfSymbols\ChaosOfSymbols\WorldEditor.h(1,1): warning C4828: Файл содержит знак, начинающийся со смещения 0x1a1, который является недопустимым в текущей исходной кодировке (кодовая страница 65001).
  (компиляция исходного файла "Game.cpp")
  
C:\Users\user\source\repos\ChaosOfSymbols\ChaosOfSymbols\WorldEditor.h(1,1): warning C4828: Файл содержит знак, начинающийся со смещения 0x1a4, который является недопустимым в текущей исходной кодировке (кодовая страница 65001).
  (компиляция исходного файла "Game.cpp")
  
C:\Users\user\source\repos\ChaosOfSymbols\ChaosOfSymbols\WorldEditor.h(1,1): warning C4828: Файл содержит знак, начинающийся со смещения 0x37d, который является недопустимым в текущей исходной кодировке (кодовая страница 65001).
  (компиляция исходного файла "Game.cpp")
  
C:\Users\user\source\repos\ChaosOfSymbols\ChaosOfSymbols\WorldEditor.h(1,1): warning C4828: Файл содержит знак, начинающийся со смещения 0x37f, который является недопустимым в текущей исходной кодировке (кодовая страница 65001).
  (компиляция исходного файла "Game.cpp")
  
C:\Users\user\source\repos\ChaosOfSymbols\ChaosOfSymbols\WorldEditor.h(1,1): warning C4828: Файл содержит знак, начинающийся со смещения 0x382, который является недопустимым в текущей исходной кодировке (кодовая страница 65001).
  (компиляция исходного файла "Game.cpp")
  
C:\Users\user\source\repos\ChaosOfSymbols\ChaosOfSymbols\WorldEditor.h(1,1): warning C4828: Файл содержит знак, начинающийся со смещения 0x386, который является недопустимым в текущей исходной кодировке (кодовая страница 65001).
  (компиляция исходного файла "Game.cpp")
  
C:\Users\user\source\repos\ChaosOfSymbols\ChaosOfSymbols\WorldEditor.h(1,1): warning C4828: Файл содержит знак, начинающийся со смещения 0x389, который является недопустимым в текущей исходной кодировке (кодовая страница 65001).
  (компиляция исходного файла "Game.cpp")
  
C:\Users\user\source\repos\ChaosOfSymbols\ChaosOfSymbols\WorldEditor.h(1,1): warning C4828: Файл содержит знак, начинающийся со смещения 0x51e, который является недопустимым в текущей исходной кодировке (кодовая страница 65001).
  (компиляция исходного файла "Game.cpp")
  
C:\Users\user\source\repos\ChaosOfSymbols\ChaosOfSymbols\WorldEditor.h(1,1): warning C4828: Файл содержит знак, начинающийся со смещения 0x520, который является недопустимым в текущей исходной кодировке (кодовая страница 65001).
  (компиляция исходного файла "Game.cpp")
  
C:\Users\user\source\repos\ChaosOfSymbols\ChaosOfSymbols\WorldEditor.h(1,1): warning C4828: Файл содержит знак, начинающийся со смещения 0x523, который является недопустимым в текущей исходной кодировке (кодовая страница 65001).
  (компиляция исходного файла "Game.cpp")
  
C:\Users\user\source\repos\ChaosOfSymbols\ChaosOfSymbols\WorldEditor.h(1,1): warning C4828: Файл содержит знак, начинающийся со смещения 0x63c, который является недопустимым в текущей исходной кодировке (кодовая страница 65001).
  (компиляция исходного файла "Game.cpp")
  
C:\Users\user\source\repos\ChaosOfSymbols\ChaosOfSymbols\WorldEditor.h(1,1): warning C4828: Файл содержит знак, начинающийся со смещения 0x63e, который является недопустимым в текущей исходной кодировке (кодовая страница 65001).
  (компиляция исходного файла "Game.cpp")
  
C:\Users\user\source\repos\ChaosOfSymbols\ChaosOfSymbols\WorldEditor.h(1,1): warning C4828: Файл содержит знак, начинающийся со смещения 0x642, который является недопустимым в текущей исходной кодировке (кодовая страница 65001).
  (компиляция исходного файла "Game.cpp")
  
C:\Users\user\source\repos\ChaosOfSymbols\ChaosOfSymbols\WorldEditor.h(1,1): warning C4828: Файл содержит знак, начинающийся со смещения 0x646, который является недопустимым в текущей исходной кодировке (кодовая страница 65001).
  (компиляция исходного файла "Game.cpp")
  
C:\Users\user\source\repos\ChaosOfSymbols\ChaosOfSymbols\WorldEditor.h(1,1): warning C4828: Файл содержит знак, начинающийся со смещения 0x649, который является недопустимым в текущей исходной кодировке (кодовая страница 65001).
  (компиляция исходного файла "Game.cpp")
  
C:\Users\user\source\repos\ChaosOfSymbols\ChaosOfSymbols\WorldEditor.h(1,1): warning C4828: Файл содержит знак, начинающийся со смещения 0x858, который является недопустимым в текущей исходной кодировке (кодовая страница 65001).
  (компиляция исходного файла "Game.cpp")
  
C:\Users\user\source\repos\ChaosOfSymbols\ChaosOfSymbols\WorldEditor.h(1,1): warning C4828: Файл содержит знак, начинающийся со смещения 0x85a, который является недопустимым в текущей исходной кодировке (кодовая страница 65001).
  (компиляция исходного файла "Game.cpp")
  
C:\Users\user\source\repos\ChaosOfSymbols\ChaosOfSymbols\WorldEditor.h(1,1): warning C4828: Файл содержит знак, начинающийся со смещения 0x85d, который является недопустимым в текущей исходной кодировке (кодовая страница 65001).
  (компиляция исходного файла "Game.cpp")
  
C:\Users\user\source\repos\ChaosOfSymbols\ChaosOfSymbols\WorldEditor.h(1,1): warning C4828: Файл содержит знак, начинающийся со смещения 0x860, который является недопустимым в текущей исходной кодировке (кодовая страница 65001).
  (компиляция исходного файла "Game.cpp")
  
C:\Users\user\source\repos\ChaosOfSymbols\ChaosOfSymbols\WorldEditor.h(1,1): warning C4828: Файл содержит знак, начинающийся со смещения 0x864, который является недопустимым в текущей исходной кодировке (кодовая страница 65001).
  (компиляция исходного файла "Game.cpp")
  
C:\Users\user\source\repos\ChaosOfSymbols\ChaosOfSymbols\WorldEditor.h(1,1): warning C4828: Файл содержит знак, начинающийся со смещения 0x868, который является недопустимым в текущей исходной кодировке (кодовая страница 65001).
  (компиляция исходного файла "Game.cpp")
  
C:\Users\user\source\repos\ChaosOfSymbols\ChaosOfSymbols\WorldEditor.h(1,1): warning C4828: Файл содержит знак, начинающийся со смещения 0x86b, который является недопустимым в текущей исходной кодировке (кодовая страница 65001).
  (компиляция исходного файла "Game.cpp")
  
C:\Users\user\source\repos\ChaosOfSymbols\ChaosOfSymbols\WorldEditor.h(1,1): warning C4828: Файл содержит знак, начинающийся со смещения 0x8cd, который является недопустимым в текущей исходной кодировке (кодовая страница 65001).
  (компиляция исходного файла "Game.cpp")
  
C:\Users\user\source\repos\ChaosOfSymbols\ChaosOfSymbols\WorldEditor.h(1,1): warning C4828: Файл содержит знак, начинающийся со смещения 0x8cf, который является недопустимым в текущей исходной кодировке (кодовая страница 65001).
  (компиляция исходного файла "Game.cpp")
  
C:\Users\user\source\repos\ChaosOfSymbols\ChaosOfSymbols\WorldEditor.h(1,1): warning C4828: Файл содержит знак, начинающийся со смещения 0x8d2, который является недопустимым в текущей исходной кодировке (кодовая страница 65001).
  (компиляция исходного файла "Game.cpp")
  
C:\Users\user\source\repos\ChaosOfSymbols\ChaosOfSymbols\WorldEditor.h(1,1): warning C4828: Файл содержит знак, начинающийся со смещения 0x8dd, который является недопустимым в текущей исходной кодировке (кодовая страница 65001).
  (компиляция исходного файла "Game.cpp")
  
C:\Users\user\source\repos\ChaosOfSymbols\ChaosOfSymbols\WorldEditor.h(1,1): warning C4828: Файл содержит знак, начинающийся со смещения 0x8e0, который является недопустимым в текущей исходной кодировке (кодовая страница 65001).
  (компиляция исходного файла "Game.cpp")
  
C:\Users\user\source\repos\ChaosOfSymbols\ChaosOfSymbols\WorldEditor.h(1,1): warning C4828: Файл содержит знак, начинающийся со смещения 0x8e3, который является недопустимым в текущей исходной кодировке (кодовая страница 65001).
  (компиляция исходного файла "Game.cpp")
  
C:\Users\user\source\repos\ChaosOfSymbols\ChaosOfSymbols\WorldEditor.h(1,1): warning C4828: Файл содержит знак, начинающийся со смещения 0x8e7, который является недопустимым в текущей исходной кодировке (кодовая страница 65001).
  (компиляция исходного файла "Game.cpp")
  
C:\Users\user\source\repos\ChaosOfSymbols\ChaosOfSymbols\WorldEditor.h(1,1): warning C4828: Файл содержит знак, начинающийся со смещения 0x8ea, который является недопустимым в текущей исходной кодировке (кодовая страница 65001).
  (компиляция исходного файла "Game.cpp")
  
C:\Users\user\source\repos\ChaosOfSymbols\ChaosOfSymbols\WorldEditor.h(1,1): warning C4828: Файл содержит знак, начинающийся со смещения 0x8ed, который является недопустимым в текущей исходной кодировке (кодовая страница 65001).
  (компиляция исходного файла "Game.cpp")
  
C:\Users\user\source\repos\ChaosOfSymbols\ChaosOfSymbols\WorldEditor.h(1,1): warning C4828: Файл содержит знак, начинающийся со смещения 0x8f0, который является недопустимым в текущей исходной кодировке (кодовая страница 65001).
  (компиляция исходного файла "Game.cpp")
  
C:\Users\user\source\repos\ChaosOfSymbols\ChaosOfSymbols\WorldEditor.h(1,1): warning C4828: Файл содержит знак, начинающийся со смещения 0x8f3, который является недопустимым в текущей исходной кодировке (кодовая страница 65001).
  (компиляция исходного файла "Game.cpp")
  
C:\Users\user\source\repos\ChaosOfSymbols\ChaosOfSymbols\WorldEditor.h(1,1): warning C4828: Файл содержит знак, начинающийся со смещения 0xa4f, который является недопустимым в текущей исходной кодировке (кодовая страница 65001).
  (компиляция исходного файла "Game.cpp")
  
C:\Users\user\source\repos\ChaosOfSymbols\ChaosOfSymbols\WorldEditor.h(1,1): warning C4828: Файл содержит знак, начинающийся со смещения 0xa51, который является недопустимым в текущей исходной кодировке (кодовая страница 65001).
  (компиляция исходного файла "Game.cpp")
  
C:\Users\user\source\repos\ChaosOfSymbols\ChaosOfSymbols\WorldEditor.h(1,1): warning C4828: Файл содержит знак, начинающийся со смещения 0xa54, который является недопустимым в текущей исходной кодировке (кодовая страница 65001).
  (компиляция исходного файла "Game.cpp")
  
C:\Users\user\source\repos\ChaosOfSymbols\ChaosOfSymbols\WorldEditor.h(1,1): warning C4828: Файл содержит знак, начинающийся со смещения 0xa57, который является недопустимым в текущей исходной кодировке (кодовая страница 65001).
  (компиляция исходного файла "Game.cpp")
  
C:\Users\user\source\repos\ChaosOfSymbols\ChaosOfSymbols\WorldEditor.h(1,1): warning C4828: Файл содержит знак, начинающийся со смещения 0xab5, который является недопустимым в текущей исходной кодировке (кодовая страница 65001).
  (компиляция исходного файла "Game.cpp")
  
C:\Users\user\source\repos\ChaosOfSymbols\ChaosOfSymbols\WorldEditor.h(1,1): warning C4828: Файл содержит знак, начинающийся со смещения 0xab7, который является недопустимым в текущей исходной кодировке (кодовая страница 65001).
  (компиляция исходного файла "Game.cpp")
  
C:\Users\user\source\repos\ChaosOfSymbols\ChaosOfSymbols\WorldEditor.h(1,1): warning C4828: Файл содержит знак, начинающийся со смещения 0xabb, который является недопустимым в текущей исходной кодировке (кодовая страница 65001).
  (компиляция исходного файла "Game.cpp")
  
C:\Users\user\source\repos\ChaosOfSymbols\ChaosOfSymbols\WorldEditor.h(1,1): warning C4828: Файл содержит знак, начинающийся со смещения 0xb78, который является недопустимым в текущей исходной кодировке (кодовая страница 65001).
  (компиляция исходного файла "Game.cpp")
  
C:\Users\user\source\repos\ChaosOfSymbols\ChaosOfSymbols\WorldEditor.h(1,1): warning C4828: Файл содержит знак, начинающийся со смещения 0xb7a, который является недопустимым в текущей исходной кодировке (кодовая страница 65001).
  (компиляция исходного файла "Game.cpp")
  
C:\Users\user\source\repos\ChaosOfSymbols\ChaosOfSymbols\WorldEditor.h(1,1): warning C4828: Файл содержит знак, начинающийся со смещения 0xbba, который является недопустимым в текущей исходной кодировке (кодовая страница 65001).
  (компиляция исходного файла "Game.cpp")
  
C:\Users\user\source\repos\ChaosOfSymbols\ChaosOfSymbols\WorldEditor.h(1,1): warning C4828: Файл содержит знак, начинающийся со смещения 0xbbc, который является недопустимым в текущей исходной кодировке (кодовая страница 65001).
  (компиляция исходного файла "Game.cpp")
  
C:\Users\user\source\repos\ChaosOfSymbols\ChaosOfSymbols\WorldEditor.h(1,1): warning C4828: Файл содержит знак, начинающийся со смещения 0xbbf, который является недопустимым в текущей исходной кодировке (кодовая страница 65001).
  (компиляция исходного файла "Game.cpp")
  
C:\Users\user\source\repos\ChaosOfSymbols\ChaosOfSymbols\WorldEditor.h(1,1): warning C4828: Файл содержит знак, начинающийся со смещения 0xbc2, который является недопустимым в текущей исходной кодировке (кодовая страница 65001).
  (компиляция исходного файла "Game.cpp")
  
C:\Users\user\source\repos\ChaosOfSymbols\ChaosOfSymbols\WorldEditor.h(1,1): warning C4828: Файл содержит знак, начинающийся со смещения 0xbc5, который является недопустимым в текущей исходной кодировке (кодовая страница 65001).
  (компиляция исходного файла "Game.cpp")
  
C:\Users\user\source\repos\ChaosOfSymbols\ChaosOfSymbols\WorldEditor.h(1,1): warning C4828: Файл содержит знак, начинающийся со смещения 0xbc9, который является недопустимым в текущей исходной кодировке (кодовая страница 65001).
  (компиляция исходного файла "Game.cpp")
  
C:\Users\user\source\repos\ChaosOfSymbols\ChaosOfSymbols\WorldEditor.h(1,1): warning C4828: Файл содержит знак, начинающийся со смещения 0xbcd, который является недопустимым в текущей исходной кодировке (кодовая страница 65001).
  (компиляция исходного файла "Game.cpp")
  
C:\Users\user\source\repos\ChaosOfSymbols\ChaosOfSymbols\WorldEditor.h(1,1): warning C4828: Файл содержит знак, начинающийся со смещения 0xbd0, который является недопустимым в текущей исходной кодировке (кодовая страница 65001).
  (компиляция исходного файла "Game.cpp")
  
C:\Users\user\source\repos\ChaosOfSymbols\ChaosOfSymbols\WorldEditor.h(1,1): warning C4828: Файл содержит знак, начинающийся со смещения 0xc35, который является недопустимым в текущей исходной кодировке (кодовая страница 65001).
  (компиляция исходного файла "Game.cpp")
  
C:\Users\user\source\repos\ChaosOfSymbols\ChaosOfSymbols\WorldEditor.h(1,1): warning C4828: Файл содержит знак, начинающийся со смещения 0xc37, который является недопустимым в текущей исходной кодировке (кодовая страница 65001).
  (компиляция исходного файла "Game.cpp")
  
C:\Users\user\source\repos\ChaosOfSymbols\ChaosOfSymbols\WorldEditor.h(1,1): warning C4828: Файл содержит знак, начинающийся со смещения 0xc39, который является недопустимым в текущей исходной кодировке (кодовая страница 65001).
  (компиляция исходного файла "Game.cpp")
  
C:\Users\user\source\repos\ChaosOfSymbols\ChaosOfSymbols\WorldEditor.h(1,1): warning C4828: Файл содержит знак, начинающийся со смещения 0xc3d, который является недопустимым в текущей исходной кодировке (кодовая страница 65001).
  (компиляция исходного файла "Game.cpp")
  
C:\Users\user\source\repos\ChaosOfSymbols\ChaosOfSymbols\WorldEditor.h(1,1): warning C4828: Файл содержит знак, начинающийся со смещения 0xc40, который является недопустимым в текущей исходной кодировке (кодовая страница 65001).
  (компиляция исходного файла "Game.cpp")
  
C:\Users\user\source\repos\ChaosOfSymbols\ChaosOfSymbols\WorldEditor.h(1,1): warning C4828: Файл содержит знак, начинающийся со смещения 0xc43, который является недопустимым в текущей исходной кодировке (кодовая страница 65001).
  (компиляция исходного файла "Game.cpp")
  
C:\Users\user\source\repos\ChaosOfSymbols\ChaosOfSymbols\WorldEditor.h(1,1): warning C4828: Файл содержит знак, начинающийся со смещения 0xc46, который является недопустимым в текущей исходной кодировке (кодовая страница 65001).
  (компиляция исходного файла "Game.cpp")
  
C:\Users\user\source\repos\ChaosOfSymbols\ChaosOfSymbols\WorldEditor.h(1,1): warning C4828: Файл содержит знак, начинающийся со смещения 0xc49, который является недопустимым в текущей исходной кодировке (кодовая страница 65001).
  (компиляция исходного файла "Game.cpp")
  
C:\Users\user\source\repos\ChaosOfSymbols\ChaosOfSymbols\WorldEditor.h(1,1): warning C4828: Файл содержит знак, начинающийся со смещения 0xc4d, который является недопустимым в текущей исходной кодировке (кодовая страница 65001).
  (компиляция исходного файла "Game.cpp")
  
C:\Users\user\source\repos\ChaosOfSymbols\ChaosOfSymbols\WorldEditor.h(1,1): warning C4828: Файл содержит знак, начинающийся со смещения 0xce7, который является недопустимым в текущей исходной кодировке (кодовая страница 65001).
  (компиляция исходного файла "Game.cpp")
  
C:\Users\user\source\repos\ChaosOfSymbols\ChaosOfSymbols\WorldEditor.h(1,1): warning C4828: Файл содержит знак, начинающийся со смещения 0xce9, который является недопустимым в текущей исходной кодировке (кодовая страница 65001).
  (компиляция исходного файла "Game.cpp")
  
C:\Users\user\source\repos\ChaosOfSymbols\ChaosOfSymbols\WorldEditor.h(1,1): warning C4828: Файл содержит знак, начинающийся со смещения 0xcec, который является недопустимым в текущей исходной кодировке (кодовая страница 65001).
  (компиляция исходного файла "Game.cpp")
  
C:\Users\user\source\repos\ChaosOfSymbols\ChaosOfSymbols\WorldEditor.h(1,1): warning C4828: Файл содержит знак, начинающийся со смещения 0xcef, который является недопустимым в текущей исходной кодировке (кодовая страница 65001).
  (компиляция исходного файла "Game.cpp")
  
C:\Users\user\source\repos\ChaosOfSymbols\ChaosOfSymbols\WorldEditor.h(1,1): warning C4828: Файл содержит знак, начинающийся со смещения 0xdac, который является недопустимым в текущей исходной кодировке (кодовая страница 65001).
  (компиляция исходного файла "Game.cpp")
  
C:\Users\user\source\repos\ChaosOfSymbols\ChaosOfSymbols\WorldEditor.h(1,1): warning C4828: Файл содержит знак, начинающийся со смещения 0xdae, который является недопустимым в текущей исходной кодировке (кодовая страница 65001).
  (компиляция исходного файла "Game.cpp")
  
C:\Users\user\source\repos\ChaosOfSymbols\ChaosOfSymbols\WorldEditor.h(1,1): warning C4828: Файл содержит знак, начинающийся со смещения 0xdb0, который является недопустимым в текущей исходной кодировке (кодовая страница 65001).
  (компиляция исходного файла "Game.cpp")
  
C:\Users\user\source\repos\ChaosOfSymbols\ChaosOfSymbols\WorldEditor.h(1,1): warning C4828: Файл содержит знак, начинающийся со смещения 0xdb3, который является недопустимым в текущей исходной кодировке (кодовая страница 65001).
  (компиляция исходного файла "Game.cpp")
  
C:\Users\user\source\repos\ChaosOfSymbols\ChaosOfSymbols\WorldEditor.h(1,1): warning C4828: Файл содержит знак, начинающийся со смещения 0xdb6, который является недопустимым в текущей исходной кодировке (кодовая страница 65001).
  (компиляция исходного файла "Game.cpp")
  
  main.cpp
C:\Users\user\source\repos\ChaosOfSymbols\ChaosOfSymbols\TileTypeManager.h(1,1): warning C4828: Файл содержит знак, начинающийся со смещения 0x187, который является недопустимым в текущей исходной кодировке (кодовая страница 65001).
  (компиляция исходного файла "main.cpp")
  
C:\Users\user\source\repos\ChaosOfSymbols\ChaosOfSymbols\TileTypeManager.h(1,1): warning C4828: Файл содержит знак, начинающийся со смещения 0x189, который является недопустимым в текущей исходной кодировке (кодовая страница 65001).
  (компиляция исходного файла "main.cpp")
  
C:\Users\user\source\repos\ChaosOfSymbols\ChaosOfSymbols\TileTypeManager.h(1,1): warning C4828: Файл содержит знак, начинающийся со смещения 0x18d, который является недопустимым в текущей исходной кодировке (кодовая страница 65001).
  (компиляция исходного файла "main.cpp")
  
C:\Users\user\source\repos\ChaosOfSymbols\ChaosOfSymbols\TileType.h(1,1): warning C4828: Файл содержит знак, начинающийся со смещения 0x45, который является недопустимым в текущей исходной кодировке (кодовая страница 65001).
  (компиляция исходного файла "main.cpp")
  
C:\Users\user\source\repos\ChaosOfSymbols\ChaosOfSymbols\TileType.h(1,1): warning C4828: Файл содержит знак, начинающийся со смещения 0x47, который является недопустимым в текущей исходной кодировке (кодовая страница 65001).
  (компиляция исходного файла "main.cpp")
  
C:\Users\user\source\repos\ChaosOfSymbols\ChaosOfSymbols\TileType.h(1,1): warning C4828: Файл содержит знак, начинающийся со смещения 0x4a, который является недопустимым в текущей исходной кодировке (кодовая страница 65001).
  (компиляция исходного файла "main.cpp")
  
C:\Users\user\source\repos\ChaosOfSymbols\ChaosOfSymbols\TileType.h(1,1): warning C4828: Файл содержит знак, начинающийся со смещения 0x4e, который является недопустимым в текущей исходной кодировке (кодовая страница 65001).
  (компиляция исходного файла "main.cpp")
  
C:\Users\user\source\repos\ChaosOfSymbols\ChaosOfSymbols\TileType.h(1,1): warning C4828: Файл содержит знак, начинающийся со смещения 0x115, который является недопустимым в текущей исходной кодировке (кодовая страница 65001).
  (компиляция исходного файла "main.cpp")
  
C:\Users\user\source\repos\ChaosOfSymbols\ChaosOfSymbols\TileType.h(1,1): warning C4828: Файл содержит знак, начинающийся со смещения 0x117, который является недопустимым в текущей исходной кодировке (кодовая страница 65001).
  (компиляция исходного файла "main.cpp")
  
C:\Users\user\source\repos\ChaosOfSymbols\ChaosOfSymbols\TileType.h(1,1): warning C4828: Файл содержит знак, начинающийся со смещения 0x11b, который является недопустимым в текущей исходной кодировке (кодовая страница 65001).
  (компиляция исходного файла "main.cpp")
  
C:\Users\user\source\repos\ChaosOfSymbols\ChaosOfSymbols\TileType.h(1,1): warning C4828: Файл содержит знак, начинающийся со смещения 0x28c, который является недопустимым в текущей исходной кодировке (кодовая страница 65001).
  (компиляция исходного файла "main.cpp")
  
C:\Users\user\source\repos\ChaosOfSymbols\ChaosOfSymbols\TileType.h(1,1): warning C4828: Файл содержит знак, начинающийся со смещения 0x28e, который является недопустимым в текущей исходной кодировке (кодовая страница 65001).
  (компиляция исходного файла "main.cpp")
  
C:\Users\user\source\repos\ChaosOfSymbols\ChaosOfSymbols\TileType.h(1,1): warning C4828: Файл содержит знак, начинающийся со смещения 0x292, который является недопустимым в текущей исходной кодировке (кодовая страница 65001).
  (компиляция исходного файла "main.cpp")
  
C:\Users\user\source\repos\ChaosOfSymbols\ChaosOfSymbols\FoodManager.h(16,51): warning C4267: return: преобразование из "size_t" в "int"; возможна потеря данных
  (компиляция исходного файла "main.cpp")
  
C:\Users\user\source\repos\ChaosOfSymbols\ChaosOfSymbols\ConfigManager.h(1,1): warning C4828: Файл содержит знак, начинающийся со смещения 0x10d, который является недопустимым в текущей исходной кодировке (кодовая страница 65001).
  (компиляция исходного файла "main.cpp")
  
C:\Users\user\source\repos\ChaosOfSymbols\ChaosOfSymbols\ConfigManager.h(1,1): warning C4828: Файл содержит знак, начинающийся со смещения 0x10f, который является недопустимым в текущей исходной кодировке (кодовая страница 65001).
  (компиляция исходного файла "main.cpp")
  
C:\Users\user\source\repos\ChaosOfSymbols\ChaosOfSymbols\ConfigManager.h(1,1): warning C4828: Файл содержит знак, начинающийся со смещения 0x112, который является недопустимым в текущей исходной кодировке (кодовая страница 65001).
  (компиляция исходного файла "main.cpp")
  
C:\Users\user\source\repos\ChaosOfSymbols\ChaosOfSymbols\ConfigManager.h(1,1): warning C4828: Файл содержит знак, начинающийся со смещения 0x116, который является недопустимым в текущей исходной кодировке (кодовая страница 65001).
  (компиляция исходного файла "main.cpp")
  
C:\Users\user\source\repos\ChaosOfSymbols\ChaosOfSymbols\ConfigManager.h(1,1): warning C4828: Файл содержит знак, начинающийся со смещения 0x119, который является недопустимым в текущей исходной кодировке (кодовая страница 65001).
  (компиляция исходного файла "main.cpp")
  
C:\Users\user\source\repos\ChaosOfSymbols\ChaosOfSymbols\ConfigManager.h(1,1): warning C4828: Файл содержит знак, начинающийся со смещения 0x11c, который является недопустимым в текущей исходной кодировке (кодовая страница 65001).
  (компиляция исходного файла "main.cpp")
  
C:\Users\user\source\repos\ChaosOfSymbols\ChaosOfSymbols\ConfigManager.h(1,1): warning C4828: Файл содержит знак, начинающийся со смещения 0x120, который является недопустимым в текущей исходной кодировке (кодовая страница 65001).
  (компиляция исходного файла "main.cpp")
  
C:\Users\user\source\repos\ChaosOfSymbols\ChaosOfSymbols\ConfigManager.h(1,1): warning C4828: Файл содержит знак, начинающийся со смещения 0x15a, который является недопустимым в текущей исходной кодировке (кодовая страница 65001).
  (компиляция исходного файла "main.cpp")
  
C:\Users\user\source\repos\ChaosOfSymbols\ChaosOfSymbols\ConfigManager.h(1,1): warning C4828: Файл содержит знак, начинающийся со смещения 0x15c, который является недопустимым в текущей исходной кодировке (кодовая страница 65001).
  (компиляция исходного файла "main.cpp")
  
C:\Users\user\source\repos\ChaosOfSymbols\ChaosOfSymbols\ConfigManager.h(1,1): warning C4828: Файл содержит знак, начинающийся со смещения 0x15f, который является недопустимым в текущей исходной кодировке (кодовая страница 65001).
  (компиляция исходного файла "main.cpp")
  
C:\Users\user\source\repos\ChaosOfSymbols\ChaosOfSymbols\ConfigManager.h(1,1): warning C4828: Файл содержит знак, начинающийся со смещения 0x164, который является недопустимым в текущей исходной кодировке (кодовая страница 65001).
  (компиляция исходного файла "main.cpp")
  
C:\Users\user\source\repos\ChaosOfSymbols\ChaosOfSymbols\ConfigManager.h(1,1): warning C4828: Файл содержит знак, начинающийся со смещения 0x167, который является недопустимым в текущей исходной кодировке (кодовая страница 65001).
  (компиляция исходного файла "main.cpp")
  
C:\Users\user\source\repos\ChaosOfSymbols\ChaosOfSymbols\ConfigManager.h(1,1): warning C4828: Файл содержит знак, начинающийся со смещения 0x1a1, который является недопустимым в текущей исходной кодировке (кодовая страница 65001).
  (компиляция исходного файла "main.cpp")
  
C:\Users\user\source\repos\ChaosOfSymbols\ChaosOfSymbols\ConfigManager.h(1,1): warning C4828: Файл содержит знак, начинающийся со смещения 0x1a3, который является недопустимым в текущей исходной кодировке (кодовая страница 65001).
  (компиляция исходного файла "main.cpp")
  
C:\Users\user\source\repos\ChaosOfSymbols\ChaosOfSymbols\ConfigManager.h(1,1): warning C4828: Файл содержит знак, начинающийся со смещения 0x1a7, который является недопустимым в текущей исходной кодировке (кодовая страница 65001).
  (компиляция исходного файла "main.cpp")
  
C:\Users\user\source\repos\ChaosOfSymbols\ChaosOfSymbols\ConfigManager.h(1,1): warning C4828: Файл содержит знак, начинающийся со смещения 0x2e0, который является недопустимым в текущей исходной кодировке (кодовая страница 65001).
  (компиляция исходного файла "main.cpp")
  
C:\Users\user\source\repos\ChaosOfSymbols\ChaosOfSymbols\ConfigManager.h(1,1): warning C4828: Файл содержит знак, начинающийся со смещения 0x2e2, который является недопустимым в текущей исходной кодировке (кодовая страница 65001).
  (компиляция исходного файла "main.cpp")
  
C:\Users\user\source\repos\ChaosOfSymbols\ChaosOfSymbols\ConfigManager.h(1,1): warning C4828: Файл содержит знак, начинающийся со смещения 0x2e5, который является недопустимым в текущей исходной кодировке (кодовая страница 65001).
  (компиляция исходного файла "main.cpp")
  
C:\Users\user\source\repos\ChaosOfSymbols\ChaosOfSymbols\ConfigManager.h(1,1): warning C4828: Файл содержит знак, начинающийся со смещения 0x2e8, который является недопустимым в текущей исходной кодировке (кодовая страница 65001).
  (компиляция исходного файла "main.cpp")
  
C:\Users\user\source\repos\ChaosOfSymbols\ChaosOfSymbols\ConfigManager.h(1,1): warning C4828: Файл содержит знак, начинающийся со смещения 0x2ec, который является недопустимым в текущей исходной кодировке (кодовая страница 65001).
  (компиляция исходного файла "main.cpp")
  
C:\Users\user\source\repos\ChaosOfSymbols\ChaosOfSymbols\ConfigManager.h(1,1): warning C4828: Файл содержит знак, начинающийся со смещения 0x2f0, который является недопустимым в текущей исходной кодировке (кодовая страница 65001).
  (компиляция исходного файла "main.cpp")
  
C:\Users\user\source\repos\ChaosOfSymbols\ChaosOfSymbols\ConfigManager.h(1,1): warning C4828: Файл содержит знак, начинающийся со смещения 0x2f3, который является недопустимым в текущей исходной кодировке (кодовая страница 65001).
  (компиляция исходного файла "main.cpp")
  
C:\Users\user\source\repos\ChaosOfSymbols\ChaosOfSymbols\ConfigManager.h(1,1): warning C4828: Файл содержит знак, начинающийся со смещения 0x2f6, который является недопустимым в текущей исходной кодировке (кодовая страница 65001).
  (компиляция исходного файла "main.cpp")
  
C:\Users\user\source\repos\ChaosOfSymbols\ChaosOfSymbols\ConfigManager.h(1,1): warning C4828: Файл содержит знак, начинающийся со смещения 0x2f8, который является недопустимым в текущей исходной кодировке (кодовая страница 65001).
  (компиляция исходного файла "main.cpp")
  
C:\Users\user\source\repos\ChaosOfSymbols\ChaosOfSymbols\ConfigManager.h(1,1): warning C4828: Файл содержит знак, начинающийся со смещения 0x2fb, который является недопустимым в текущей исходной кодировке (кодовая страница 65001).
  (компиляция исходного файла "main.cpp")
  
C:\Users\user\source\repos\ChaosOfSymbols\ChaosOfSymbols\ConfigManager.h(1,1): warning C4828: Файл содержит знак, начинающийся со смещения 0x2fe, который является недопустимым в текущей исходной кодировке (кодовая страница 65001).
  (компиляция исходного файла "main.cpp")
  
C:\Users\user\source\repos\ChaosOfSymbols\ChaosOfSymbols\ConfigManager.h(1,1): warning C4828: Файл содержит знак, начинающийся со смещения 0x301, который является недопустимым в текущей исходной кодировке (кодовая страница 65001).
  (компиляция исходного файла "main.cpp")
  
C:\Users\user\source\repos\ChaosOfSymbols\ChaosOfSymbols\ConfigManager.h(1,1): warning C4828: Файл содержит знак, начинающийся со смещения 0x304, который является недопустимым в текущей исходной кодировке (кодовая страница 65001).
  (компиляция исходного файла "main.cpp")
  
C:\Users\user\source\repos\ChaosOfSymbols\ChaosOfSymbols\ConfigManager.h(1,1): warning C4828: Файл содержит знак, начинающийся со смещения 0x3a3, который является недопустимым в текущей исходной кодировке (кодовая страница 65001).
  (компиляция исходного файла "main.cpp")
  
C:\Users\user\source\repos\ChaosOfSymbols\ChaosOfSymbols\ConfigManager.h(1,1): warning C4828: Файл содержит знак, начинающийся со смещения 0x3a5, который является недопустимым в текущей исходной кодировке (кодовая страница 65001).
  (компиляция исходного файла "main.cpp")
  
C:\Users\user\source\repos\ChaosOfSymbols\ChaosOfSymbols\ConfigManager.h(1,1): warning C4828: Файл содержит знак, начинающийся со смещения 0x3a8, который является недопустимым в текущей исходной кодировке (кодовая страница 65001).
  (компиляция исходного файла "main.cpp")
  
C:\Users\user\source\repos\ChaosOfSymbols\ChaosOfSymbols\ConfigManager.h(1,1): warning C4828: Файл содержит знак, начинающийся со смещения 0x3ad, который является недопустимым в текущей исходной кодировке (кодовая страница 65001).
  (компиляция исходного файла "main.cpp")
  
C:\Users\user\source\repos\ChaosOfSymbols\ChaosOfSymbols\ConfigManager.h(1,1): warning C4828: Файл содержит знак, начинающийся со смещения 0x3b0, который является недопустимым в текущей исходной кодировке (кодовая страница 65001).
  (компиляция исходного файла "main.cpp")
  
C:\Users\user\source\repos\ChaosOfSymbols\ChaosOfSymbols\ConfigManager.h(1,1): warning C4828: Файл содержит знак, начинающийся со смещения 0x411, который является недопустимым в текущей исходной кодировке (кодовая страница 65001).
  (компиляция исходного файла "main.cpp")
  
C:\Users\user\source\repos\ChaosOfSymbols\ChaosOfSymbols\ConfigManager.h(1,1): warning C4828: Файл содержит знак, начинающийся со смещения 0x413, который является недопустимым в текущей исходной кодировке (кодовая страница 65001).
  (компиляция исходного файла "main.cpp")
  
C:\Users\user\source\repos\ChaosOfSymbols\ChaosOfSymbols\ConfigManager.h(1,1): warning C4828: Файл содержит знак, начинающийся со смещения 0x416, который является недопустимым в текущей исходной кодировке (кодовая страница 65001).
  (компиляция исходного файла "main.cpp")
  
C:\Users\user\source\repos\ChaosOfSymbols\ChaosOfSymbols\ConfigManager.h(1,1): warning C4828: Файл содержит знак, начинающийся со смещения 0x41b, который является недопустимым в текущей исходной кодировке (кодовая страница 65001).
  (компиляция исходного файла "main.cpp")
  
C:\Users\user\source\repos\ChaosOfSymbols\ChaosOfSymbols\ConfigManager.h(1,1): warning C4828: Файл содержит знак, начинающийся со смещения 0x41e, который является недопустимым в текущей исходной кодировке (кодовая страница 65001).
  (компиляция исходного файла "main.cpp")
  
C:\Users\user\source\repos\ChaosOfSymbols\ChaosOfSymbols\MainMenu.h(1,1): warning C4828: Файл содержит знак, начинающийся со смещения 0x326, который является недопустимым в текущей исходной кодировке (кодовая страница 65001).
  (компиляция исходного файла "main.cpp")
  
C:\Users\user\source\repos\ChaosOfSymbols\ChaosOfSymbols\MainMenu.h(1,1): warning C4828: Файл содержит знак, начинающийся со смещения 0x328, который является недопустимым в текущей исходной кодировке (кодовая страница 65001).
  (компиляция исходного файла "main.cpp")
  
C:\Users\user\source\repos\ChaosOfSymbols\ChaosOfSymbols\MainMenu.h(1,1): warning C4828: Файл содержит знак, начинающийся со смещения 0x32b, который является недопустимым в текущей исходной кодировке (кодовая страница 65001).
  (компиляция исходного файла "main.cpp")
  
C:\Users\user\source\repos\ChaosOfSymbols\ChaosOfSymbols\MainMenu.h(1,1): warning C4828: Файл содержит знак, начинающийся со смещения 0x32e, который является недопустимым в текущей исходной кодировке (кодовая страница 65001).
  (компиляция исходного файла "main.cpp")
  
C:\Users\user\source\repos\ChaosOfSymbols\ChaosOfSymbols\MainMenu.h(1,1): warning C4828: Файл содержит знак, начинающийся со смещения 0x331, который является недопустимым в текущей исходной кодировке (кодовая страница 65001).
  (компиляция исходного файла "main.cpp")
  
C:\Users\user\source\repos\ChaosOfSymbols\ChaosOfSymbols\MainMenu.h(1,1): warning C4828: Файл содержит знак, начинающийся со смещения 0x334, который является недопустимым в текущей исходной кодировке (кодовая страница 65001).
  (компиляция исходного файла "main.cpp")
  
C:\Users\user\source\repos\ChaosOfSymbols\ChaosOfSymbols\MainMenu.h(1,1): warning C4828: Файл содержит знак, начинающийся со смещения 0x338, который является недопустимым в текущей исходной кодировке (кодовая страница 65001).
  (компиляция исходного файла "main.cpp")
  
C:\Users\user\source\repos\ChaosOfSymbols\ChaosOfSymbols\MainMenu.h(1,1): warning C4828: Файл содержит знак, начинающийся со смещения 0x33c, который является недопустимым в текущей исходной кодировке (кодовая страница 65001).
  (компиляция исходного файла "main.cpp")
  
C:\Users\user\source\repos\ChaosOfSymbols\ChaosOfSymbols\MainMenu.h(1,1): warning C4828: Файл содержит знак, начинающийся со смещения 0x33f, который является недопустимым в текущей исходной кодировке (кодовая страница 65001).
  (компиляция исходного файла "main.cpp")
  
C:\Users\user\source\repos\ChaosOfSymbols\ChaosOfSymbols\MainMenu.h(1,1): warning C4828: Файл содержит знак, начинающийся со смещения 0x342, который является недопустимым в текущей исходной кодировке (кодовая страница 65001).
  (компиляция исходного файла "main.cpp")
  
C:\Users\user\source\repos\ChaosOfSymbols\ChaosOfSymbols\MainMenu.h(1,1): warning C4828: Файл содержит знак, начинающийся со смещения 0x345, который является недопустимым в текущей исходной кодировке (кодовая страница 65001).
  (компиляция исходного файла "main.cpp")
  
C:\Users\user\source\repos\ChaosOfSymbols\ChaosOfSymbols\MainMenu.h(1,1): warning C4828: Файл содержит знак, начинающийся со смещения 0x349, который является недопустимым в текущей исходной кодировке (кодовая страница 65001).
  (компиляция исходного файла "main.cpp")
  
C:\Users\user\source\repos\ChaosOfSymbols\ChaosOfSymbols\MainMenu.h(1,1): warning C4828: Файл содержит знак, начинающийся со смещения 0x34c, который является недопустимым в текущей исходной кодировке (кодовая страница 65001).
  (компиляция исходного файла "main.cpp")
  
C:\Users\user\source\repos\ChaosOfSymbols\ChaosOfSymbols\MainMenu.h(1,1): warning C4828: Файл содержит знак, начинающийся со смещения 0x350, который является недопустимым в текущей исходной кодировке (кодовая страница 65001).
  (компиляция исходного файла "main.cpp")
  
C:\Users\user\source\repos\ChaosOfSymbols\ChaosOfSymbols\MainMenu.h(1,1): warning C4828: Файл содержит знак, начинающийся со смещения 0x353, который является недопустимым в текущей исходной кодировке (кодовая страница 65001).
  (компиляция исходного файла "main.cpp")
  
C:\Users\user\source\repos\ChaosOfSymbols\ChaosOfSymbols\MainMenu.h(1,1): warning C4828: Файл содержит знак, начинающийся со смещения 0x357, который является недопустимым в текущей исходной кодировке (кодовая страница 65001).
  (компиляция исходного файла "main.cpp")
  
C:\Users\user\source\repos\ChaosOfSymbols\ChaosOfSymbols\MainMenu.h(1,1): warning C4828: Файл содержит знак, начинающийся со смещения 0x7ac, который является недопустимым в текущей исходной кодировке (кодовая страница 65001).
  (компиляция исходного файла "main.cpp")
  
C:\Users\user\source\repos\ChaosOfSymbols\ChaosOfSymbols\MainMenu.h(1,1): warning C4828: Файл содержит знак, начинающийся со смещения 0x7ae, который является недопустимым в текущей исходной кодировке (кодовая страница 65001).
  (компиляция исходного файла "main.cpp")
  
C:\Users\user\source\repos\ChaosOfSymbols\ChaosOfSymbols\MainMenu.h(1,1): warning C4828: Файл содержит знак, начинающийся со смещения 0x7b3, который является недопустимым в текущей исходной кодировке (кодовая страница 65001).
  (компиляция исходного файла "main.cpp")
  
C:\Users\user\source\repos\ChaosOfSymbols\ChaosOfSymbols\MainMenu.h(1,1): warning C4828: Файл содержит знак, начинающийся со смещения 0x7b7, который является недопустимым в текущей исходной кодировке (кодовая страница 65001).
  (компиляция исходного файла "main.cpp")
  
C:\Users\user\source\repos\ChaosOfSymbols\ChaosOfSymbols\MainMenu.h(1,1): warning C4828: Файл содержит знак, начинающийся со смещения 0x7bb, который является недопустимым в текущей исходной кодировке (кодовая страница 65001).
  (компиляция исходного файла "main.cpp")
  
C:\Users\user\source\repos\ChaosOfSymbols\ChaosOfSymbols\MainMenu.h(1,1): warning C4828: Файл содержит знак, начинающийся со смещения 0x7c0, который является недопустимым в текущей исходной кодировке (кодовая страница 65001).
  (компиляция исходного файла "main.cpp")
  
C:\Users\user\source\repos\ChaosOfSymbols\ChaosOfSymbols\MainMenu.h(1,1): warning C4828: Файл содержит знак, начинающийся со смещения 0x7c3, который является недопустимым в текущей исходной кодировке (кодовая страница 65001).
  (компиляция исходного файла "main.cpp")
  
C:\Users\user\source\repos\ChaosOfSymbols\ChaosOfSymbols\MainMenu.h(1,1): warning C4828: Файл содержит знак, начинающийся со смещения 0x7c6, который является недопустимым в текущей исходной кодировке (кодовая страница 65001).
  (компиляция исходного файла "main.cpp")
  
C:\Users\user\source\repos\ChaosOfSymbols\ChaosOfSymbols\MainMenu.h(1,1): warning C4828: Файл содержит знак, начинающийся со смещения 0x7c9, который является недопустимым в текущей исходной кодировке (кодовая страница 65001).
  (компиляция исходного файла "main.cpp")
  
C:\Users\user\source\repos\ChaosOfSymbols\ChaosOfSymbols\MainMenu.h(1,1): warning C4828: Файл содержит знак, начинающийся со смещения 0x7cc, который является недопустимым в текущей исходной кодировке (кодовая страница 65001).
  (компиляция исходного файла "main.cpp")
  
C:\Users\user\source\repos\ChaosOfSymbols\ChaosOfSymbols\MainMenu.h(1,1): warning C4828: Файл содержит знак, начинающийся со смещения 0x984, который является недопустимым в текущей исходной кодировке (кодовая страница 65001).
  (компиляция исходного файла "main.cpp")
  
C:\Users\user\source\repos\ChaosOfSymbols\ChaosOfSymbols\MainMenu.h(1,1): warning C4828: Файл содержит знак, начинающийся со смещения 0x986, который является недопустимым в текущей исходной кодировке (кодовая страница 65001).
  (компиляция исходного файла "main.cpp")
  
C:\Users\user\source\repos\ChaosOfSymbols\ChaosOfSymbols\MainMenu.h(1,1): warning C4828: Файл содержит знак, начинающийся со смещения 0x989, который является недопустимым в текущей исходной кодировке (кодовая страница 65001).
  (компиляция исходного файла "main.cpp")
  
C:\Users\user\source\repos\ChaosOfSymbols\ChaosOfSymbols\MainMenu.h(1,1): warning C4828: Файл содержит знак, начинающийся со смещения 0x98d, который является недопустимым в текущей исходной кодировке (кодовая страница 65001).
  (компиляция исходного файла "main.cpp")
  
C:\Users\user\source\repos\ChaosOfSymbols\ChaosOfSymbols\MainMenu.h(1,1): warning C4828: Файл содержит знак, начинающийся со смещения 0x991, который является недопустимым в текущей исходной кодировке (кодовая страница 65001).
  (компиляция исходного файла "main.cpp")
  
C:\Users\user\source\repos\ChaosOfSymbols\ChaosOfSymbols\MainMenu.h(1,1): warning C4828: Файл содержит знак, начинающийся со смещения 0x996, который является недопустимым в текущей исходной кодировке (кодовая страница 65001).
  (компиляция исходного файла "main.cpp")
  
C:\Users\user\source\repos\ChaosOfSymbols\ChaosOfSymbols\MainMenu.h(1,1): warning C4828: Файл содержит знак, начинающийся со смещения 0x999, который является недопустимым в текущей исходной кодировке (кодовая страница 65001).
  (компиляция исходного файла "main.cpp")
  
C:\Users\user\source\repos\ChaosOfSymbols\ChaosOfSymbols\MainMenu.h(1,1): warning C4828: Файл содержит знак, начинающийся со смещения 0x99c, который является недопустимым в текущей исходной кодировке (кодовая страница 65001).
  (компиляция исходного файла "main.cpp")
  
C:\Users\user\source\repos\ChaosOfSymbols\ChaosOfSymbols\MainMenu.h(1,1): warning C4828: Файл содержит знак, начинающийся со смещения 0x99f, который является недопустимым в текущей исходной кодировке (кодовая страница 65001).
  (компиляция исходного файла "main.cpp")
  
C:\Users\user\source\repos\ChaosOfSymbols\ChaosOfSymbols\MainMenu.h(1,1): warning C4828: Файл содержит знак, начинающийся со смещения 0x9a2, который является недопустимым в текущей исходной кодировке (кодовая страница 65001).
  (компиляция исходного файла "main.cpp")
  
C:\Users\user\source\repos\ChaosOfSymbols\ChaosOfSymbols\MainMenu.h(1,1): warning C4828: Файл содержит знак, начинающийся со смещения 0xa4c, который является недопустимым в текущей исходной кодировке (кодовая страница 65001).
  (компиляция исходного файла "main.cpp")
  
C:\Users\user\source\repos\ChaosOfSymbols\ChaosOfSymbols\MainMenu.h(1,1): warning C4828: Файл содержит знак, начинающийся со смещения 0xa4e, который является недопустимым в текущей исходной кодировке (кодовая страница 65001).
  (компиляция исходного файла "main.cpp")
  
C:\Users\user\source\repos\ChaosOfSymbols\ChaosOfSymbols\MainMenu.h(1,1): warning C4828: Файл содержит знак, начинающийся со смещения 0xa51, который является недопустимым в текущей исходной кодировке (кодовая страница 65001).
  (компиляция исходного файла "main.cpp")
  
C:\Users\user\source\repos\ChaosOfSymbols\ChaosOfSymbols\MainMenu.h(1,1): warning C4828: Файл содержит знак, начинающийся со смещения 0xa55, который является недопустимым в текущей исходной кодировке (кодовая страница 65001).
  (компиляция исходного файла "main.cpp")
  
C:\Users\user\source\repos\ChaosOfSymbols\ChaosOfSymbols\MainMenu.h(1,1): warning C4828: Файл содержит знак, начинающийся со смещения 0xa58, который является недопустимым в текущей исходной кодировке (кодовая страница 65001).
  (компиляция исходного файла "main.cpp")
  
C:\Users\user\source\repos\ChaosOfSymbols\ChaosOfSymbols\MainMenu.h(1,1): warning C4828: Файл содержит знак, начинающийся со смещения 0xa5b, который является недопустимым в текущей исходной кодировке (кодовая страница 65001).
  (компиляция исходного файла "main.cpp")
  
C:\Users\user\source\repos\ChaosOfSymbols\ChaosOfSymbols\MainMenu.h(1,1): warning C4828: Файл содержит знак, начинающийся со смещения 0xa5e, который является недопустимым в текущей исходной кодировке (кодовая страница 65001).
  (компиляция исходного файла "main.cpp")
  
C:\Users\user\source\repos\ChaosOfSymbols\ChaosOfSymbols\MainMenu.h(1,1): warning C4828: Файл содержит знак, начинающийся со смещения 0xa62, который является недопустимым в текущей исходной кодировке (кодовая страница 65001).
  (компиляция исходного файла "main.cpp")
  
C:\Users\user\source\repos\ChaosOfSymbols\ChaosOfSymbols\MainMenu.h(1,1): warning C4828: Файл содержит знак, начинающийся со смещения 0xa65, который является недопустимым в текущей исходной кодировке (кодовая страница 65001).
  (компиляция исходного файла "main.cpp")
  
C:\Users\user\source\repos\ChaosOfSymbols\ChaosOfSymbols\MainMenu.h(1,1): warning C4828: Файл содержит знак, начинающийся со смещения 0xa68, который является недопустимым в текущей исходной кодировке (кодовая страница 65001).
  (компиляция исходного файла "main.cpp")
  
C:\Users\user\source\repos\ChaosOfSymbols\ChaosOfSymbols\MainMenu.h(1,1): warning C4828: Файл содержит знак, начинающийся со смещения 0xa6c, который является недопустимым в текущей исходной кодировке (кодовая страница 65001).
  (компиляция исходного файла "main.cpp")
  
C:\Users\user\source\repos\ChaosOfSymbols\ChaosOfSymbols\MainMenu.h(1,1): warning C4828: Файл содержит знак, начинающийся со смещения 0xa6f, который является недопустимым в текущей исходной кодировке (кодовая страница 65001).
  (компиляция исходного файла "main.cpp")
  
C:\Users\user\source\repos\ChaosOfSymbols\ChaosOfSymbols\MainMenu.h(1,1): warning C4828: Файл содержит знак, начинающийся со смещения 0xa72, который является недопустимым в текущей исходной кодировке (кодовая страница 65001).
  (компиляция исходного файла "main.cpp")
  
C:\Users\user\source\repos\ChaosOfSymbols\ChaosOfSymbols\MainMenu.h(1,1): warning C4828: Файл содержит знак, начинающийся со смещения 0xa75, который является недопустимым в текущей исходной кодировке (кодовая страница 65001).
  (компиляция исходного файла "main.cpp")
  
C:\Users\user\source\repos\ChaosOfSymbols\ChaosOfSymbols\MainMenu.h(1,1): warning C4828: Файл содержит знак, начинающийся со смещения 0xb1c, который является недопустимым в текущей исходной кодировке (кодовая страница 65001).
  (компиляция исходного файла "main.cpp")
  
C:\Users\user\source\repos\ChaosOfSymbols\ChaosOfSymbols\MainMenu.h(1,1): warning C4828: Файл содержит знак, начинающийся со смещения 0xb1e, который является недопустимым в текущей исходной кодировке (кодовая страница 65001).
  (компиляция исходного файла "main.cpp")
  
C:\Users\user\source\repos\ChaosOfSymbols\ChaosOfSymbols\MainMenu.h(1,1): warning C4828: Файл содержит знак, начинающийся со смещения 0xb21, который является недопустимым в текущей исходной кодировке (кодовая страница 65001).
  (компиляция исходного файла "main.cpp")
  
C:\Users\user\source\repos\ChaosOfSymbols\ChaosOfSymbols\MainMenu.h(1,1): warning C4828: Файл содержит знак, начинающийся со смещения 0xb24, который является недопустимым в текущей исходной кодировке (кодовая страница 65001).
  (компиляция исходного файла "main.cpp")
  
C:\Users\user\source\repos\ChaosOfSymbols\ChaosOfSymbols\SaveTypes.h(1,1): warning C4828: Файл содержит знак, начинающийся со смещения 0x26, который является недопустимым в текущей исходной кодировке (кодовая страница 65001).
  (компиляция исходного файла "main.cpp")
  
C:\Users\user\source\repos\ChaosOfSymbols\ChaosOfSymbols\SaveTypes.h(1,1): warning C4828: Файл содержит знак, начинающийся со смещения 0x28, который является недопустимым в текущей исходной кодировке (кодовая страница 65001).
  (компиляция исходного файла "main.cpp")
  
C:\Users\user\source\repos\ChaosOfSymbols\ChaosOfSymbols\SaveTypes.h(1,1): warning C4828: Файл содержит знак, начинающийся со смещения 0x29, который является недопустимым в текущей исходной кодировке (кодовая страница 65001).
  (компиляция исходного файла "main.cpp")
  
C:\Users\user\source\repos\ChaosOfSymbols\ChaosOfSymbols\SaveTypes.h(1,1): warning C4828: Файл содержит знак, начинающийся со смещения 0x2c, который является недопустимым в текущей исходной кодировке (кодовая страница 65001).
  (компиляция исходного файла "main.cpp")
  
C:\Users\user\source\repos\ChaosOfSymbols\ChaosOfSymbols\SaveTypes.h(1,1): warning C4828: Файл содержит знак, начинающийся со смещения 0x31, который является недопустимым в текущей исходной кодировке (кодовая страница 65001).
  (компиляция исходного файла "main.cpp")
  
C:\Users\user\source\repos\ChaosOfSymbols\ChaosOfSymbols\SaveTypes.h(1,1): warning C4828: Файл содержит знак, начинающийся со смещения 0x35, который является недопустимым в текущей исходной кодировке (кодовая страница 65001).
  (компиляция исходного файла "main.cpp")
  
C:\Users\user\source\repos\ChaosOfSymbols\ChaosOfSymbols\SaveTypes.h(1,1): warning C4828: Файл содержит знак, начинающийся со смещения 0x39, который является недопустимым в текущей исходной кодировке (кодовая страница 65001).
  (компиляция исходного файла "main.cpp")
  
C:\Users\user\source\repos\ChaosOfSymbols\ChaosOfSymbols\SaveTypes.h(1,1): warning C4828: Файл содержит знак, начинающийся со смещения 0x3d, который является недопустимым в текущей исходной кодировке (кодовая страница 65001).
  (компиляция исходного файла "main.cpp")
  
C:\Users\user\source\repos\ChaosOfSymbols\ChaosOfSymbols\SaveTypes.h(1,1): warning C4828: Файл содержит знак, начинающийся со смещения 0x41, который является недопустимым в текущей исходной кодировке (кодовая страница 65001).
  (компиляция исходного файла "main.cpp")
  
C:\Users\user\source\repos\ChaosOfSymbols\ChaosOfSymbols\SaveTypes.h(1,1): warning C4828: Файл содержит знак, начинающийся со смещения 0x44, который является недопустимым в текущей исходной кодировке (кодовая страница 65001).
  (компиляция исходного файла "main.cpp")
  
C:\Users\user\source\repos\ChaosOfSymbols\ChaosOfSymbols\SaveSelectionMenu.h(1,1): warning C4828: Файл содержит знак, начинающийся со смещения 0x5b9, который является недопустимым в текущей исходной кодировке (кодовая страница 65001).
  (компиляция исходного файла "main.cpp")
  
C:\Users\user\source\repos\ChaosOfSymbols\ChaosOfSymbols\SaveSelectionMenu.h(1,1): warning C4828: Файл содержит знак, начинающийся со смещения 0x5bb, который является недопустимым в текущей исходной кодировке (кодовая страница 65001).
  (компиляция исходного файла "main.cpp")
  
C:\Users\user\source\repos\ChaosOfSymbols\ChaosOfSymbols\SaveSelectionMenu.h(1,1): warning C4828: Файл содержит знак, начинающийся со смещения 0x5be, который является недопустимым в текущей исходной кодировке (кодовая страница 65001).
  (компиляция исходного файла "main.cpp")
  
C:\Users\user\source\repos\ChaosOfSymbols\ChaosOfSymbols\SaveSelectionMenu.h(1,1): warning C4828: Файл содержит знак, начинающийся со смещения 0x5c1, который является недопустимым в текущей исходной кодировке (кодовая страница 65001).
  (компиляция исходного файла "main.cpp")
  
C:\Users\user\source\repos\ChaosOfSymbols\ChaosOfSymbols\SaveSelectionMenu.h(1,1): warning C4828: Файл содержит знак, начинающийся со смещения 0x5c4, который является недопустимым в текущей исходной кодировке (кодовая страница 65001).
  (компиляция исходного файла "main.cpp")
  
C:\Users\user\source\repos\ChaosOfSymbols\ChaosOfSymbols\SaveSelectionMenu.h(1,1): warning C4828: Файл содержит знак, начинающийся со смещения 0x5c7, который является недопустимым в текущей исходной кодировке (кодовая страница 65001).
  (компиляция исходного файла "main.cpp")
  
C:\Users\user\source\repos\ChaosOfSymbols\ChaosOfSymbols\SaveSelectionMenu.h(1,1): warning C4828: Файл содержит знак, начинающийся со смещения 0x5ca, который является недопустимым в текущей исходной кодировке (кодовая страница 65001).
  (компиляция исходного файла "main.cpp")
  
C:\Users\user\source\repos\ChaosOfSymbols\ChaosOfSymbols\SaveSelectionMenu.h(1,1): warning C4828: Файл содержит знак, начинающийся со смещения 0x5cd, который является недопустимым в текущей исходной кодировке (кодовая страница 65001).
  (компиляция исходного файла "main.cpp")
  
C:\Users\user\source\repos\ChaosOfSymbols\ChaosOfSymbols\SaveSelectionMenu.h(1,1): warning C4828: Файл содержит знак, начинающийся со смещения 0x617, который является недопустимым в текущей исходной кодировке (кодовая страница 65001).
  (компиляция исходного файла "main.cpp")
  
C:\Users\user\source\repos\ChaosOfSymbols\ChaosOfSymbols\SaveSelectionMenu.h(1,1): warning C4828: Файл содержит знак, начинающийся со смещения 0x619, который является недопустимым в текущей исходной кодировке (кодовая страница 65001).
  (компиляция исходного файла "main.cpp")
  
C:\Users\user\source\repos\ChaosOfSymbols\ChaosOfSymbols\SaveSelectionMenu.h(1,1): warning C4828: Файл содержит знак, начинающийся со смещения 0x61c, который является недопустимым в текущей исходной кодировке (кодовая страница 65001).
  (компиляция исходного файла "main.cpp")
  
C:\Users\user\source\repos\ChaosOfSymbols\ChaosOfSymbols\SaveSelectionMenu.h(1,1): warning C4828: Файл содержит знак, начинающийся со смещения 0x620, который является недопустимым в текущей исходной кодировке (кодовая страница 65001).
  (компиляция исходного файла "main.cpp")
  
C:\Users\user\source\repos\ChaosOfSymbols\ChaosOfSymbols\SaveSelectionMenu.h(1,1): warning C4828: Файл содержит знак, начинающийся со смещения 0x623, который является недопустимым в текущей исходной кодировке (кодовая страница 65001).
  (компиляция исходного файла "main.cpp")
  
C:\Users\user\source\repos\ChaosOfSymbols\ChaosOfSymbols\SaveSelectionMenu.h(1,1): warning C4828: Файл содержит знак, начинающийся со смещения 0x626, который является недопустимым в текущей исходной кодировке (кодовая страница 65001).
  (компиляция исходного файла "main.cpp")
  
C:\Users\user\source\repos\ChaosOfSymbols\ChaosOfSymbols\SaveSelectionMenu.h(1,1): warning C4828: Файл содержит знак, начинающийся со смещения 0x629, который является недопустимым в текущей исходной кодировке (кодовая страница 65001).
  (компиляция исходного файла "main.cpp")
  
C:\Users\user\source\repos\ChaosOfSymbols\ChaosOfSymbols\SaveSelectionMenu.h(1,1): warning C4828: Файл содержит знак, начинающийся со смещения 0x62d, который является недопустимым в текущей исходной кодировке (кодовая страница 65001).
  (компиляция исходного файла "main.cpp")
  
C:\Users\user\source\repos\ChaosOfSymbols\ChaosOfSymbols\SaveSelectionMenu.h(1,1): warning C4828: Файл содержит знак, начинающийся со смещения 0x630, который является недопустимым в текущей исходной кодировке (кодовая страница 65001).
  (компиляция исходного файла "main.cpp")
  
C:\Users\user\source\repos\ChaosOfSymbols\ChaosOfSymbols\SaveSelectionMenu.h(1,1): warning C4828: Файл содержит знак, начинающийся со смещения 0x633, который является недопустимым в текущей исходной кодировке (кодовая страница 65001).
  (компиляция исходного файла "main.cpp")
  
C:\Users\user\source\repos\ChaosOfSymbols\ChaosOfSymbols\SaveSelectionMenu.h(1,1): warning C4828: Файл содержит знак, начинающийся со смещения 0x637, который является недопустимым в текущей исходной кодировке (кодовая страница 65001).
  (компиляция исходного файла "main.cpp")
  
C:\Users\user\source\repos\ChaosOfSymbols\ChaosOfSymbols\SaveSelectionMenu.h(1,1): warning C4828: Файл содержит знак, начинающийся со смещения 0x63a, который является недопустимым в текущей исходной кодировке (кодовая страница 65001).
  (компиляция исходного файла "main.cpp")
  
C:\Users\user\source\repos\ChaosOfSymbols\ChaosOfSymbols\SaveSelectionMenu.h(1,1): warning C4828: Файл содержит знак, начинающийся со смещения 0x63d, который является недопустимым в текущей исходной кодировке (кодовая страница 65001).
  (компиляция исходного файла "main.cpp")
  
C:\Users\user\source\repos\ChaosOfSymbols\ChaosOfSymbols\SaveSelectionMenu.h(1,1): warning C4828: Файл содержит знак, начинающийся со смещения 0x640, который является недопустимым в текущей исходной кодировке (кодовая страница 65001).
  (компиляция исходного файла "main.cpp")
  
C:\Users\user\source\repos\ChaosOfSymbols\ChaosOfSymbols\SaveSelectionMenu.h(1,1): warning C4828: Файл содержит знак, начинающийся со смещения 0x76a, который является недопустимым в текущей исходной кодировке (кодовая страница 65001).
  (компиляция исходного файла "main.cpp")
  
C:\Users\user\source\repos\ChaosOfSymbols\ChaosOfSymbols\SaveSelectionMenu.h(1,1): warning C4828: Файл содержит знак, начинающийся со смещения 0x76c, который является недопустимым в текущей исходной кодировке (кодовая страница 65001).
  (компиляция исходного файла "main.cpp")
  
C:\Users\user\source\repos\ChaosOfSymbols\ChaosOfSymbols\SaveSelectionMenu.h(1,1): warning C4828: Файл содержит знак, начинающийся со смещения 0x770, который является недопустимым в текущей исходной кодировке (кодовая страница 65001).
  (компиляция исходного файла "main.cpp")
  
C:\Users\user\source\repos\ChaosOfSymbols\ChaosOfSymbols\SaveSelectionMenu.h(1,1): warning C4828: Файл содержит знак, начинающийся со смещения 0x773, который является недопустимым в текущей исходной кодировке (кодовая страница 65001).
  (компиляция исходного файла "main.cpp")
  
C:\Users\user\source\repos\ChaosOfSymbols\ChaosOfSymbols\SaveSelectionMenu.h(1,1): warning C4828: Файл содержит знак, начинающийся со смещения 0x775, который является недопустимым в текущей исходной кодировке (кодовая страница 65001).
  (компиляция исходного файла "main.cpp")
  
C:\Users\user\source\repos\ChaosOfSymbols\ChaosOfSymbols\SaveSelectionMenu.h(1,1): warning C4828: Файл содержит знак, начинающийся со смещения 0x779, который является недопустимым в текущей исходной кодировке (кодовая страница 65001).
  (компиляция исходного файла "main.cpp")
  
C:\Users\user\source\repos\ChaosOfSymbols\ChaosOfSymbols\SaveSelectionMenu.h(1,1): warning C4828: Файл содержит знак, начинающийся со смещения 0x77c, который является недопустимым в текущей исходной кодировке (кодовая страница 65001).
  (компиляция исходного файла "main.cpp")
  
C:\Users\user\source\repos\ChaosOfSymbols\ChaosOfSymbols\SaveSelectionMenu.h(1,1): warning C4828: Файл содержит знак, начинающийся со смещения 0x780, который является недопустимым в текущей исходной кодировке (кодовая страница 65001).
  (компиляция исходного файла "main.cpp")
  
C:\Users\user\source\repos\ChaosOfSymbols\ChaosOfSymbols\SaveSelectionMenu.h(1,1): warning C4828: Файл содержит знак, начинающийся со смещения 0x783, который является недопустимым в текущей исходной кодировке (кодовая страница 65001).
  (компиляция исходного файла "main.cpp")
  
C:\Users\user\source\repos\ChaosOfSymbols\ChaosOfSymbols\SaveSelectionMenu.h(1,1): warning C4828: Файл содержит знак, начинающийся со смещения 0x786, который является недопустимым в текущей исходной кодировке (кодовая страница 65001).
  (компиляция исходного файла "main.cpp")
  
C:\Users\user\source\repos\ChaosOfSymbols\ChaosOfSymbols\SaveSelectionMenu.h(1,1): warning C4828: Файл содержит знак, начинающийся со смещения 0x789, который является недопустимым в текущей исходной кодировке (кодовая страница 65001).
  (компиляция исходного файла "main.cpp")
  
C:\Users\user\source\repos\ChaosOfSymbols\ChaosOfSymbols\SaveSystem.h(1,1): warning C4828: Файл содержит знак, начинающийся со смещения 0xe7, который является недопустимым в текущей исходной кодировке (кодовая страница 65001).
  (компиляция исходного файла "main.cpp")
  
C:\Users\user\source\repos\ChaosOfSymbols\ChaosOfSymbols\SaveSystem.h(1,1): warning C4828: Файл содержит знак, начинающийся со смещения 0xe9, который является недопустимым в текущей исходной кодировке (кодовая страница 65001).
  (компиляция исходного файла "main.cpp")
  
C:\Users\user\source\repos\ChaosOfSymbols\ChaosOfSymbols\SaveSystem.h(1,1): warning C4828: Файл содержит знак, начинающийся со смещения 0xec, который является недопустимым в текущей исходной кодировке (кодовая страница 65001).
  (компиляция исходного файла "main.cpp")
  
C:\Users\user\source\repos\ChaosOfSymbols\ChaosOfSymbols\SaveSystem.h(1,1): warning C4828: Файл содержит знак, начинающийся со смещения 0xf0, который является недопустимым в текущей исходной кодировке (кодовая страница 65001).
  (компиляция исходного файла "main.cpp")
  
C:\Users\user\source\repos\ChaosOfSymbols\ChaosOfSymbols\SaveSystem.h(1,1): warning C4828: Файл содержит знак, начинающийся со смещения 0xf3, который является недопустимым в текущей исходной кодировке (кодовая страница 65001).
  (компиляция исходного файла "main.cpp")
  
C:\Users\user\source\repos\ChaosOfSymbols\ChaosOfSymbols\SaveSystem.h(1,1): warning C4828: Файл содержит знак, начинающийся со смещения 0x248, который является недопустимым в текущей исходной кодировке (кодовая страница 65001).
  (компиляция исходного файла "main.cpp")
  
C:\Users\user\source\repos\ChaosOfSymbols\ChaosOfSymbols\SaveSystem.h(1,1): warning C4828: Файл содержит знак, начинающийся со смещения 0x24a, который является недопустимым в текущей исходной кодировке (кодовая страница 65001).
  (компиляция исходного файла "main.cpp")
  
C:\Users\user\source\repos\ChaosOfSymbols\ChaosOfSymbols\SaveSystem.h(1,1): warning C4828: Файл содержит знак, начинающийся со смещения 0x24f, который является недопустимым в текущей исходной кодировке (кодовая страница 65001).
  (компиляция исходного файла "main.cpp")
  
C:\Users\user\source\repos\ChaosOfSymbols\ChaosOfSymbols\SaveSystem.h(1,1): warning C4828: Файл содержит знак, начинающийся со смещения 0x253, который является недопустимым в текущей исходной кодировке (кодовая страница 65001).
  (компиляция исходного файла "main.cpp")
  
C:\Users\user\source\repos\ChaosOfSymbols\ChaosOfSymbols\SaveSystem.h(1,1): warning C4828: Файл содержит знак, начинающийся со смещения 0x257, который является недопустимым в текущей исходной кодировке (кодовая страница 65001).
  (компиляция исходного файла "main.cpp")
  
C:\Users\user\source\repos\ChaosOfSymbols\ChaosOfSymbols\SaveSystem.h(1,1): warning C4828: Файл содержит знак, начинающийся со смещения 0x25c, который является недопустимым в текущей исходной кодировке (кодовая страница 65001).
  (компиляция исходного файла "main.cpp")
  
C:\Users\user\source\repos\ChaosOfSymbols\ChaosOfSymbols\SaveSystem.h(1,1): warning C4828: Файл содержит знак, начинающийся со смещения 0x25f, который является недопустимым в текущей исходной кодировке (кодовая страница 65001).
  (компиляция исходного файла "main.cpp")
  
C:\Users\user\source\repos\ChaosOfSymbols\ChaosOfSymbols\SaveSystem.h(1,1): warning C4828: Файл содержит знак, начинающийся со смещения 0x263, который является недопустимым в текущей исходной кодировке (кодовая страница 65001).
  (компиляция исходного файла "main.cpp")
  
C:\Users\user\source\repos\ChaosOfSymbols\ChaosOfSymbols\SaveSystem.h(1,1): warning C4828: Файл содержит знак, начинающийся со смещения 0x266, который является недопустимым в текущей исходной кодировке (кодовая страница 65001).
  (компиляция исходного файла "main.cpp")
  
C:\Users\user\source\repos\ChaosOfSymbols\ChaosOfSymbols\SaveSystem.h(1,1): warning C4828: Файл содержит знак, начинающийся со смещения 0x26a, который является недопустимым в текущей исходной кодировке (кодовая страница 65001).
  (компиляция исходного файла "main.cpp")
  
C:\Users\user\source\repos\ChaosOfSymbols\ChaosOfSymbols\SaveSystem.h(1,1): warning C4828: Файл содержит знак, начинающийся со смещения 0x26d, который является недопустимым в текущей исходной кодировке (кодовая страница 65001).
  (компиляция исходного файла "main.cpp")
  
C:\Users\user\source\repos\ChaosOfSymbols\ChaosOfSymbols\SaveSystem.h(1,1): warning C4828: Файл содержит знак, начинающийся со смещения 0x414, который является недопустимым в текущей исходной кодировке (кодовая страница 65001).
  (компиляция исходного файла "main.cpp")
  
C:\Users\user\source\repos\ChaosOfSymbols\ChaosOfSymbols\SaveSystem.h(1,1): warning C4828: Файл содержит знак, начинающийся со смещения 0x416, который является недопустимым в текущей исходной кодировке (кодовая страница 65001).
  (компиляция исходного файла "main.cpp")
  
C:\Users\user\source\repos\ChaosOfSymbols\ChaosOfSymbols\SaveSystem.h(1,1): warning C4828: Файл содержит знак, начинающийся со смещения 0x41a, который является недопустимым в текущей исходной кодировке (кодовая страница 65001).
  (компиляция исходного файла "main.cpp")
  
C:\Users\user\source\repos\ChaosOfSymbols\ChaosOfSymbols\SaveSystem.h(1,1): warning C4828: Файл содержит знак, начинающийся со смещения 0x41d, который является недопустимым в текущей исходной кодировке (кодовая страница 65001).
  (компиляция исходного файла "main.cpp")
  
C:\Users\user\source\repos\ChaosOfSymbols\ChaosOfSymbols\SaveSystem.h(1,1): warning C4828: Файл содержит знак, начинающийся со смещения 0x421, который является недопустимым в текущей исходной кодировке (кодовая страница 65001).
  (компиляция исходного файла "main.cpp")
  
C:\Users\user\source\repos\ChaosOfSymbols\ChaosOfSymbols\SaveSystem.h(1,1): warning C4828: Файл содержит знак, начинающийся со смещения 0x425, который является недопустимым в текущей исходной кодировке (кодовая страница 65001).
  (компиляция исходного файла "main.cpp")
  
C:\Users\user\source\repos\ChaosOfSymbols\ChaosOfSymbols\SaveSystem.h(1,1): warning C4828: Файл содержит знак, начинающийся со смещения 0x428, который является недопустимым в текущей исходной кодировке (кодовая страница 65001).
  (компиляция исходного файла "main.cpp")
  
C:\Users\user\source\repos\ChaosOfSymbols\ChaosOfSymbols\SaveSystem.h(1,1): warning C4828: Файл содержит знак, начинающийся со смещения 0x42c, который является недопустимым в текущей исходной кодировке (кодовая страница 65001).
  (компиляция исходного файла "main.cpp")
  
C:\Users\user\source\repos\ChaosOfSymbols\ChaosOfSymbols\SaveSystem.h(1,1): warning C4828: Файл содержит знак, начинающийся со смещения 0x42f, который является недопустимым в текущей исходной кодировке (кодовая страница 65001).
  (компиляция исходного файла "main.cpp")
  
C:\Users\user\source\repos\ChaosOfSymbols\ChaosOfSymbols\SaveSystem.h(1,1): warning C4828: Файл содержит знак, начинающийся со смещения 0x432, который является недопустимым в текущей исходной кодировке (кодовая страница 65001).
  (компиляция исходного файла "main.cpp")
  
C:\Users\user\source\repos\ChaosOfSymbols\ChaosOfSymbols\SaveSystem.h(1,1): warning C4828: Файл содержит знак, начинающийся со смещения 0x435, который является недопустимым в текущей исходной кодировке (кодовая страница 65001).
  (компиляция исходного файла "main.cpp")
  
C:\Users\user\source\repos\ChaosOfSymbols\ChaosOfSymbols\SaveSystem.h(1,1): warning C4828: Файл содержит знак, начинающийся со смещения 0x4e2, который является недопустимым в текущей исходной кодировке (кодовая страница 65001).
  (компиляция исходного файла "main.cpp")
  
C:\Users\user\source\repos\ChaosOfSymbols\ChaosOfSymbols\SaveSystem.h(1,1): warning C4828: Файл содержит знак, начинающийся со смещения 0x4e4, который является недопустимым в текущей исходной кодировке (кодовая страница 65001).
  (компиляция исходного файла "main.cpp")
  
C:\Users\user\source\repos\ChaosOfSymbols\ChaosOfSymbols\SaveSystem.h(1,1): warning C4828: Файл содержит знак, начинающийся со смещения 0x4e9, который является недопустимым в текущей исходной кодировке (кодовая страница 65001).
  (компиляция исходного файла "main.cpp")
  
C:\Users\user\source\repos\ChaosOfSymbols\ChaosOfSymbols\SaveSystem.h(1,1): warning C4828: Файл содержит знак, начинающийся со смещения 0x4ed, который является недопустимым в текущей исходной кодировке (кодовая страница 65001).
  (компиляция исходного файла "main.cpp")
  
C:\Users\user\source\repos\ChaosOfSymbols\ChaosOfSymbols\SaveSystem.h(1,1): warning C4828: Файл содержит знак, начинающийся со смещения 0x4f0, который является недопустимым в текущей исходной кодировке (кодовая страница 65001).
  (компиляция исходного файла "main.cpp")
  
C:\Users\user\source\repos\ChaosOfSymbols\ChaosOfSymbols\SaveSystem.h(1,1): warning C4828: Файл содержит знак, начинающийся со смещения 0x4f4, который является недопустимым в текущей исходной кодировке (кодовая страница 65001).
  (компиляция исходного файла "main.cpp")
  
C:\Users\user\source\repos\ChaosOfSymbols\ChaosOfSymbols\SaveSystem.h(1,1): warning C4828: Файл содержит знак, начинающийся со смещения 0x4f7, который является недопустимым в текущей исходной кодировке (кодовая страница 65001).
  (компиляция исходного файла "main.cpp")
  
C:\Users\user\source\repos\ChaosOfSymbols\ChaosOfSymbols\SaveSystem.h(1,1): warning C4828: Файл содержит знак, начинающийся со смещения 0x4fa, который является недопустимым в текущей исходной кодировке (кодовая страница 65001).
  (компиляция исходного файла "main.cpp")
  
C:\Users\user\source\repos\ChaosOfSymbols\ChaosOfSymbols\SaveSystem.h(1,1): warning C4828: Файл содержит знак, начинающийся со смещения 0x4fd, который является недопустимым в текущей исходной кодировке (кодовая страница 65001).
  (компиляция исходного файла "main.cpp")
  
C:\Users\user\source\repos\ChaosOfSymbols\ChaosOfSymbols\SaveSystem.h(1,1): warning C4828: Файл содержит знак, начинающийся со смещения 0x500, который является недопустимым в текущей исходной кодировке (кодовая страница 65001).
  (компиляция исходного файла "main.cpp")
  
C:\Users\user\source\repos\ChaosOfSymbols\ChaosOfSymbols\SaveSystem.h(1,1): warning C4828: Файл содержит знак, начинающийся со смещения 0x504, который является недопустимым в текущей исходной кодировке (кодовая страница 65001).
  (компиляция исходного файла "main.cpp")
  
C:\Users\user\source\repos\ChaosOfSymbols\ChaosOfSymbols\SaveSystem.h(1,1): warning C4828: Файл содержит знак, начинающийся со смещения 0x561, который является недопустимым в текущей исходной кодировке (кодовая страница 65001).
  (компиляция исходного файла "main.cpp")
  
C:\Users\user\source\repos\ChaosOfSymbols\ChaosOfSymbols\SaveSystem.h(1,1): warning C4828: Файл содержит знак, начинающийся со смещения 0x563, который является недопустимым в текущей исходной кодировке (кодовая страница 65001).
  (компиляция исходного файла "main.cpp")
  
C:\Users\user\source\repos\ChaosOfSymbols\ChaosOfSymbols\SaveSystem.h(1,1): warning C4828: Файл содержит знак, начинающийся со смещения 0x566, который является недопустимым в текущей исходной кодировке (кодовая страница 65001).
  (компиляция исходного файла "main.cpp")
  
C:\Users\user\source\repos\ChaosOfSymbols\ChaosOfSymbols\SaveSystem.h(1,1): warning C4828: Файл содержит знак, начинающийся со смещения 0x569, который является недопустимым в текущей исходной кодировке (кодовая страница 65001).
  (компиляция исходного файла "main.cpp")
  
C:\Users\user\source\repos\ChaosOfSymbols\ChaosOfSymbols\SaveSystem.h(1,1): warning C4828: Файл содержит знак, начинающийся со смещения 0x56d, который является недопустимым в текущей исходной кодировке (кодовая страница 65001).
  (компиляция исходного файла "main.cpp")
  
C:\Users\user\source\repos\ChaosOfSymbols\ChaosOfSymbols\SaveSystem.h(1,1): warning C4828: Файл содержит знак, начинающийся со смещения 0x571, который является недопустимым в текущей исходной кодировке (кодовая страница 65001).
  (компиляция исходного файла "main.cpp")
  
C:\Users\user\source\repos\ChaosOfSymbols\ChaosOfSymbols\SaveSystem.h(1,1): warning C4828: Файл содержит знак, начинающийся со смещения 0x574, который является недопустимым в текущей исходной кодировке (кодовая страница 65001).
  (компиляция исходного файла "main.cpp")
  
C:\Users\user\source\repos\ChaosOfSymbols\ChaosOfSymbols\SaveSystem.h(1,1): warning C4828: Файл содержит знак, начинающийся со смещения 0x89d, который является недопустимым в текущей исходной кодировке (кодовая страница 65001).
  (компиляция исходного файла "main.cpp")
  
C:\Users\user\source\repos\ChaosOfSymbols\ChaosOfSymbols\SaveSystem.h(1,1): warning C4828: Файл содержит знак, начинающийся со смещения 0x89f, который является недопустимым в текущей исходной кодировке (кодовая страница 65001).
  (компиляция исходного файла "main.cpp")
  
C:\Users\user\source\repos\ChaosOfSymbols\ChaosOfSymbols\SaveSystem.h(1,1): warning C4828: Файл содержит знак, начинающийся со смещения 0x8a2, который является недопустимым в текущей исходной кодировке (кодовая страница 65001).
  (компиляция исходного файла "main.cpp")
  
C:\Users\user\source\repos\ChaosOfSymbols\ChaosOfSymbols\SaveSystem.h(1,1): warning C4828: Файл содержит знак, начинающийся со смещения 0x8a5, который является недопустимым в текущей исходной кодировке (кодовая страница 65001).
  (компиляция исходного файла "main.cpp")
  
C:\Users\user\source\repos\ChaosOfSymbols\ChaosOfSymbols\SaveSystem.h(1,1): warning C4828: Файл содержит знак, начинающийся со смещения 0x8a9, который является недопустимым в текущей исходной кодировке (кодовая страница 65001).
  (компиляция исходного файла "main.cpp")
  
C:\Users\user\source\repos\ChaosOfSymbols\ChaosOfSymbols\SaveSystem.h(1,1): warning C4828: Файл содержит знак, начинающийся со смещения 0x8ac, который является недопустимым в текущей исходной кодировке (кодовая страница 65001).
  (компиляция исходного файла "main.cpp")
  
C:\Users\user\source\repos\ChaosOfSymbols\ChaosOfSymbols\SaveSystem.h(1,1): warning C4828: Файл содержит знак, начинающийся со смещения 0x8b0, который является недопустимым в текущей исходной кодировке (кодовая страница 65001).
  (компиляция исходного файла "main.cpp")
  
C:\Users\user\source\repos\ChaosOfSymbols\ChaosOfSymbols\SaveSystem.h(1,1): warning C4828: Файл содержит знак, начинающийся со смещения 0x8b4, который является недопустимым в текущей исходной кодировке (кодовая страница 65001).
  (компиляция исходного файла "main.cpp")
  
C:\Users\user\source\repos\ChaosOfSymbols\ChaosOfSymbols\WorldEditorConfig.h(1,1): warning C4828: Файл содержит знак, начинающийся со смещения 0x35b, который является недопустимым в текущей исходной кодировке (кодовая страница 65001).
  (компиляция исходного файла "main.cpp")
  
C:\Users\user\source\repos\ChaosOfSymbols\ChaosOfSymbols\WorldEditorConfig.h(1,1): warning C4828: Файл содержит знак, начинающийся со смещения 0x35e, который является недопустимым в текущей исходной кодировке (кодовая страница 65001).
  (компиляция исходного файла "main.cpp")
  
C:\Users\user\source\repos\ChaosOfSymbols\ChaosOfSymbols\WorldEditorConfig.h(1,1): warning C4828: Файл содержит знак, начинающийся со смещения 0x361, который является недопустимым в текущей исходной кодировке (кодовая страница 65001).
  (компиляция исходного файла "main.cpp")
  
C:\Users\user\source\repos\ChaosOfSymbols\ChaosOfSymbols\WorldEditorConfig.h(1,1): warning C4828: Файл содержит знак, начинающийся со смещения 0x364, который является недопустимым в текущей исходной кодировке (кодовая страница 65001).
  (компиляция исходного файла "main.cpp")
  
C:\Users\user\source\repos\ChaosOfSymbols\ChaosOfSymbols\WorldEditorConfig.h(1,1): warning C4828: Файл содержит знак, начинающийся со смещения 0x367, который является недопустимым в текущей исходной кодировке (кодовая страница 65001).
  (компиляция исходного файла "main.cpp")
  
C:\Users\user\source\repos\ChaosOfSymbols\ChaosOfSymbols\WorldEditorConfig.h(1,1): warning C4828: Файл содержит знак, начинающийся со смещения 0x36b, который является недопустимым в текущей исходной кодировке (кодовая страница 65001).
  (компиляция исходного файла "main.cpp")
  
C:\Users\user\source\repos\ChaosOfSymbols\ChaosOfSymbols\WorldEditorConfig.h(1,1): warning C4828: Файл содержит знак, начинающийся со смещения 0x36e, который является недопустимым в текущей исходной кодировке (кодовая страница 65001).
  (компиляция исходного файла "main.cpp")
  
C:\Users\user\source\repos\ChaosOfSymbols\ChaosOfSymbols\WorldEditorConfig.h(1,1): warning C4828: Файл содержит знак, начинающийся со смещения 0x38e, который является недопустимым в текущей исходной кодировке (кодовая страница 65001).
  (компиляция исходного файла "main.cpp")
  
C:\Users\user\source\repos\ChaosOfSymbols\ChaosOfSymbols\WorldEditorConfig.h(1,1): warning C4828: Файл содержит знак, начинающийся со смещения 0x391, который является недопустимым в текущей исходной кодировке (кодовая страница 65001).
  (компиляция исходного файла "main.cpp")
  
C:\Users\user\source\repos\ChaosOfSymbols\ChaosOfSymbols\WorldEditorConfig.h(1,1): warning C4828: Файл содержит знак, начинающийся со смещения 0x394, который является недопустимым в текущей исходной кодировке (кодовая страница 65001).
  (компиляция исходного файла "main.cpp")
  
C:\Users\user\source\repos\ChaosOfSymbols\ChaosOfSymbols\WorldEditorConfig.h(1,1): warning C4828: Файл содержит знак, начинающийся со смещения 0x397, который является недопустимым в текущей исходной кодировке (кодовая страница 65001).
  (компиляция исходного файла "main.cpp")
  
C:\Users\user\source\repos\ChaosOfSymbols\ChaosOfSymbols\WorldEditorConfig.h(1,1): warning C4828: Файл содержит знак, начинающийся со смещения 0x39a, который является недопустимым в текущей исходной кодировке (кодовая страница 65001).
  (компиляция исходного файла "main.cpp")
  
C:\Users\user\source\repos\ChaosOfSymbols\ChaosOfSymbols\WorldEditorConfig.h(1,1): warning C4828: Файл содержит знак, начинающийся со смещения 0x39e, который является недопустимым в текущей исходной кодировке (кодовая страница 65001).
  (компиляция исходного файла "main.cpp")
  
C:\Users\user\source\repos\ChaosOfSymbols\ChaosOfSymbols\WorldEditorConfig.h(1,1): warning C4828: Файл содержит знак, начинающийся со смещения 0x3a1, который является недопустимым в текущей исходной кодировке (кодовая страница 65001).
  (компиляция исходного файла "main.cpp")
  
C:\Users\user\source\repos\ChaosOfSymbols\ChaosOfSymbols\InputManager.h(1,1): warning C4828: Файл содержит знак, начинающийся со смещения 0xa3, который является недопустимым в текущей исходной кодировке (кодовая страница 65001).
  (компиляция исходного файла "main.cpp")
  
C:\Users\user\source\repos\ChaosOfSymbols\ChaosOfSymbols\InputManager.h(1,1): warning C4828: Файл содержит знак, начинающийся со смещения 0xa5, который является недопустимым в текущей исходной кодировке (кодовая страница 65001).
  (компиляция исходного файла "main.cpp")
  
C:\Users\user\source\repos\ChaosOfSymbols\ChaosOfSymbols\InputManager.h(1,1): warning C4828: Файл содержит знак, начинающийся со смещения 0xa8, который является недопустимым в текущей исходной кодировке (кодовая страница 65001).
  (компиляция исходного файла "main.cpp")
  
C:\Users\user\source\repos\ChaosOfSymbols\ChaosOfSymbols\InputManager.h(1,1): warning C4828: Файл содержит знак, начинающийся со смещения 0xac, который является недопустимым в текущей исходной кодировке (кодовая страница 65001).
  (компиляция исходного файла "main.cpp")
  
C:\Users\user\source\repos\ChaosOfSymbols\ChaosOfSymbols\InputManager.h(1,1): warning C4828: Файл содержит знак, начинающийся со смещения 0xaf, который является недопустимым в текущей исходной кодировке (кодовая страница 65001).
  (компиляция исходного файла "main.cpp")
  
C:\Users\user\source\repos\ChaosOfSymbols\ChaosOfSymbols\InputManager.h(1,1): warning C4828: Файл содержит знак, начинающийся со смещения 0xb3, который является недопустимым в текущей исходной кодировке (кодовая страница 65001).
  (компиляция исходного файла "main.cpp")
  
C:\Users\user\source\repos\ChaosOfSymbols\ChaosOfSymbols\InputManager.h(1,1): warning C4828: Файл содержит знак, начинающийся со смещения 0xb6, который является недопустимым в текущей исходной кодировке (кодовая страница 65001).
  (компиляция исходного файла "main.cpp")
  
C:\Users\user\source\repos\ChaosOfSymbols\ChaosOfSymbols\InputManager.h(1,1): warning C4828: Файл содержит знак, начинающийся со смещения 0xb9, который является недопустимым в текущей исходной кодировке (кодовая страница 65001).
  (компиляция исходного файла "main.cpp")
  
C:\Users\user\source\repos\ChaosOfSymbols\ChaosOfSymbols\InputManager.h(1,1): warning C4828: Файл содержит знак, начинающийся со смещения 0xbc, который является недопустимым в текущей исходной кодировке (кодовая страница 65001).
  (компиляция исходного файла "main.cpp")
  
C:\Users\user\source\repos\ChaosOfSymbols\ChaosOfSymbols\InputManager.h(1,1): warning C4828: Файл содержит знак, начинающийся со смещения 0xbf, который является недопустимым в текущей исходной кодировке (кодовая страница 65001).
  (компиляция исходного файла "main.cpp")
  
C:\Users\user\source\repos\ChaosOfSymbols\ChaosOfSymbols\InputManager.h(1,1): warning C4828: Файл содержит знак, начинающийся со смещения 0x159, который является недопустимым в текущей исходной кодировке (кодовая страница 65001).
  (компиляция исходного файла "main.cpp")
  
C:\Users\user\source\repos\ChaosOfSymbols\ChaosOfSymbols\InputManager.h(1,1): warning C4828: Файл содержит знак, начинающийся со смещения 0x15b, который является недопустимым в текущей исходной кодировке (кодовая страница 65001).
  (компиляция исходного файла "main.cpp")
  
C:\Users\user\source\repos\ChaosOfSymbols\ChaosOfSymbols\InputManager.h(1,1): warning C4828: Файл содержит знак, начинающийся со смещения 0x15e, который является недопустимым в текущей исходной кодировке (кодовая страница 65001).
  (компиляция исходного файла "main.cpp")
  
C:\Users\user\source\repos\ChaosOfSymbols\ChaosOfSymbols\InputManager.h(1,1): warning C4828: Файл содержит знак, начинающийся со смещения 0x161, который является недопустимым в текущей исходной кодировке (кодовая страница 65001).
  (компиляция исходного файла "main.cpp")
  
C:\Users\user\source\repos\ChaosOfSymbols\ChaosOfSymbols\InputManager.h(1,1): warning C4828: Файл содержит знак, начинающийся со смещения 0x165, который является недопустимым в текущей исходной кодировке (кодовая страница 65001).
  (компиляция исходного файла "main.cpp")
  
C:\Users\user\source\repos\ChaosOfSymbols\ChaosOfSymbols\InputManager.h(1,1): warning C4828: Файл содержит знак, начинающийся со смещения 0x168, который является недопустимым в текущей исходной кодировке (кодовая страница 65001).
  (компиляция исходного файла "main.cpp")
  
C:\Users\user\source\repos\ChaosOfSymbols\ChaosOfSymbols\InputManager.h(1,1): warning C4828: Файл содержит знак, начинающийся со смещения 0x16c, который является недопустимым в текущей исходной кодировке (кодовая страница 65001).
  (компиляция исходного файла "main.cpp")
  
C:\Users\user\source\repos\ChaosOfSymbols\ChaosOfSymbols\InputManager.h(1,1): warning C4828: Файл содержит знак, начинающийся со смещения 0x170, который является недопустимым в текущей исходной кодировке (кодовая страница 65001).
  (компиляция исходного файла "main.cpp")
  
C:\Users\user\source\repos\ChaosOfSymbols\ChaosOfSymbols\InputManager.h(1,1): warning C4828: Файл содержит знак, начинающийся со смещения 0x173, который является недопустимым в текущей исходной кодировке (кодовая страница 65001).
  (компиляция исходного файла "main.cpp")
  
C:\Users\user\source\repos\ChaosOfSymbols\ChaosOfSymbols\InputManager.h(1,1): warning C4828: Файл содержит знак, начинающийся со смещения 0x176, который является недопустимым в текущей исходной кодировке (кодовая страница 65001).
  (компиляция исходного файла "main.cpp")
  
C:\Users\user\source\repos\ChaosOfSymbols\ChaosOfSymbols\InputManager.h(1,1): warning C4828: Файл содержит знак, начинающийся со смещения 0x17a, который является недопустимым в текущей исходной кодировке (кодовая страница 65001).
  (компиляция исходного файла "main.cpp")
  
C:\Users\user\source\repos\ChaosOfSymbols\ChaosOfSymbols\InputManager.h(1,1): warning C4828: Файл содержит знак, начинающийся со смещения 0x17e, который является недопустимым в текущей исходной кодировке (кодовая страница 65001).
  (компиляция исходного файла "main.cpp")
  
C:\Users\user\source\repos\ChaosOfSymbols\ChaosOfSymbols\InputManager.h(1,1): warning C4828: Файл содержит знак, начинающийся со смещения 0x181, который является недопустимым в текущей исходной кодировке (кодовая страница 65001).
  (компиляция исходного файла "main.cpp")
  
C:\Users\user\source\repos\ChaosOfSymbols\ChaosOfSymbols\InputManager.h(1,1): warning C4828: Файл содержит знак, начинающийся со смещения 0x364, который является недопустимым в текущей исходной кодировке (кодовая страница 65001).
  (компиляция исходного файла "main.cpp")
  
C:\Users\user\source\repos\ChaosOfSymbols\ChaosOfSymbols\InputManager.h(1,1): warning C4828: Файл содержит знак, начинающийся со смещения 0x366, который является недопустимым в текущей исходной кодировке (кодовая страница 65001).
  (компиляция исходного файла "main.cpp")
  
C:\Users\user\source\repos\ChaosOfSymbols\ChaosOfSymbols\InputManager.h(1,1): warning C4828: Файл содержит знак, начинающийся со смещения 0x36a, который является недопустимым в текущей исходной кодировке (кодовая страница 65001).
  (компиляция исходного файла "main.cpp")
  
C:\Users\user\source\repos\ChaosOfSymbols\ChaosOfSymbols\WorldEditor.h(1,1): warning C4828: Файл содержит знак, начинающийся со смещения 0x190, который является недопустимым в текущей исходной кодировке (кодовая страница 65001).
  (компиляция исходного файла "main.cpp")
  
C:\Users\user\source\repos\ChaosOfSymbols\ChaosOfSymbols\WorldEditor.h(1,1): warning C4828: Файл содержит знак, начинающийся со смещения 0x192, который является недопустимым в текущей исходной кодировке (кодовая страница 65001).
  (компиляция исходного файла "main.cpp")
  
C:\Users\user\source\repos\ChaosOfSymbols\ChaosOfSymbols\WorldEditor.h(1,1): warning C4828: Файл содержит знак, начинающийся со смещения 0x196, который является недопустимым в текущей исходной кодировке (кодовая страница 65001).
  (компиляция исходного файла "main.cpp")
  
C:\Users\user\source\repos\ChaosOfSymbols\ChaosOfSymbols\WorldEditor.h(1,1): warning C4828: Файл содержит знак, начинающийся со смещения 0x19a, который является недопустимым в текущей исходной кодировке (кодовая страница 65001).
  (компиляция исходного файла "main.cpp")
  
C:\Users\user\source\repos\ChaosOfSymbols\ChaosOfSymbols\WorldEditor.h(1,1): warning C4828: Файл содержит знак, начинающийся со смещения 0x19e, который является недопустимым в текущей исходной кодировке (кодовая страница 65001).
  (компиляция исходного файла "main.cpp")
  
C:\Users\user\source\repos\ChaosOfSymbols\ChaosOfSymbols\WorldEditor.h(1,1): warning C4828: Файл содержит знак, начинающийся со смещения 0x1a1, который является недопустимым в текущей исходной кодировке (кодовая страница 65001).
  (компиляция исходного файла "main.cpp")
  
C:\Users\user\source\repos\ChaosOfSymbols\ChaosOfSymbols\WorldEditor.h(1,1): warning C4828: Файл содержит знак, начинающийся со смещения 0x1a4, который является недопустимым в текущей исходной кодировке (кодовая страница 65001).
  (компиляция исходного файла "main.cpp")
  
C:\Users\user\source\repos\ChaosOfSymbols\ChaosOfSymbols\WorldEditor.h(1,1): warning C4828: Файл содержит знак, начинающийся со смещения 0x37d, который является недопустимым в текущей исходной кодировке (кодовая страница 65001).
  (компиляция исходного файла "main.cpp")
  
C:\Users\user\source\repos\ChaosOfSymbols\ChaosOfSymbols\WorldEditor.h(1,1): warning C4828: Файл содержит знак, начинающийся со смещения 0x37f, который является недопустимым в текущей исходной кодировке (кодовая страница 65001).
  (компиляция исходного файла "main.cpp")
  
C:\Users\user\source\repos\ChaosOfSymbols\ChaosOfSymbols\WorldEditor.h(1,1): warning C4828: Файл содержит знак, начинающийся со смещения 0x382, который является недопустимым в текущей исходной кодировке (кодовая страница 65001).
  (компиляция исходного файла "main.cpp")
  
C:\Users\user\source\repos\ChaosOfSymbols\ChaosOfSymbols\WorldEditor.h(1,1): warning C4828: Файл содержит знак, начинающийся со смещения 0x386, который является недопустимым в текущей исходной кодировке (кодовая страница 65001).
  (компиляция исходного файла "main.cpp")
  
C:\Users\user\source\repos\ChaosOfSymbols\ChaosOfSymbols\WorldEditor.h(1,1): warning C4828: Файл содержит знак, начинающийся со смещения 0x389, который является недопустимым в текущей исходной кодировке (кодовая страница 65001).
  (компиляция исходного файла "main.cpp")
  
C:\Users\user\source\repos\ChaosOfSymbols\ChaosOfSymbols\WorldEditor.h(1,1): warning C4828: Файл содержит знак, начинающийся со смещения 0x51e, который является недопустимым в текущей исходной кодировке (кодовая страница 65001).
  (компиляция исходного файла "main.cpp")
  
C:\Users\user\source\repos\ChaosOfSymbols\ChaosOfSymbols\WorldEditor.h(1,1): warning C4828: Файл содержит знак, начинающийся со смещения 0x520, который является недопустимым в текущей исходной кодировке (кодовая страница 65001).
  (компиляция исходного файла "main.cpp")
  
C:\Users\user\source\repos\ChaosOfSymbols\ChaosOfSymbols\WorldEditor.h(1,1): warning C4828: Файл содержит знак, начинающийся со смещения 0x523, который является недопустимым в текущей исходной кодировке (кодовая страница 65001).
  (компиляция исходного файла "main.cpp")
  
C:\Users\user\source\repos\ChaosOfSymbols\ChaosOfSymbols\WorldEditor.h(1,1): warning C4828: Файл содержит знак, начинающийся со смещения 0x63c, который является недопустимым в текущей исходной кодировке (кодовая страница 65001).
  (компиляция исходного файла "main.cpp")
  
C:\Users\user\source\repos\ChaosOfSymbols\ChaosOfSymbols\WorldEditor.h(1,1): warning C4828: Файл содержит знак, начинающийся со смещения 0x63e, который является недопустимым в текущей исходной кодировке (кодовая страница 65001).
  (компиляция исходного файла "main.cpp")
  
C:\Users\user\source\repos\ChaosOfSymbols\ChaosOfSymbols\WorldEditor.h(1,1): warning C4828: Файл содержит знак, начинающийся со смещения 0x642, который является недопустимым в текущей исходной кодировке (кодовая страница 65001).
  (компиляция исходного файла "main.cpp")
  
C:\Users\user\source\repos\ChaosOfSymbols\ChaosOfSymbols\WorldEditor.h(1,1): warning C4828: Файл содержит знак, начинающийся со смещения 0x646, который является недопустимым в текущей исходной кодировке (кодовая страница 65001).
  (компиляция исходного файла "main.cpp")
  
C:\Users\user\source\repos\ChaosOfSymbols\ChaosOfSymbols\WorldEditor.h(1,1): warning C4828: Файл содержит знак, начинающийся со смещения 0x649, который является недопустимым в текущей исходной кодировке (кодовая страница 65001).
  (компиляция исходного файла "main.cpp")
  
C:\Users\user\source\repos\ChaosOfSymbols\ChaosOfSymbols\WorldEditor.h(1,1): warning C4828: Файл содержит знак, начинающийся со смещения 0x858, который является недопустимым в текущей исходной кодировке (кодовая страница 65001).
  (компиляция исходного файла "main.cpp")
  
C:\Users\user\source\repos\ChaosOfSymbols\ChaosOfSymbols\WorldEditor.h(1,1): warning C4828: Файл содержит знак, начинающийся со смещения 0x85a, который является недопустимым в текущей исходной кодировке (кодовая страница 65001).
  (компиляция исходного файла "main.cpp")
  
C:\Users\user\source\repos\ChaosOfSymbols\ChaosOfSymbols\WorldEditor.h(1,1): warning C4828: Файл содержит знак, начинающийся со смещения 0x85d, который является недопустимым в текущей исходной кодировке (кодовая страница 65001).
  (компиляция исходного файла "main.cpp")
  
C:\Users\user\source\repos\ChaosOfSymbols\ChaosOfSymbols\WorldEditor.h(1,1): warning C4828: Файл содержит знак, начинающийся со смещения 0x860, который является недопустимым в текущей исходной кодировке (кодовая страница 65001).
  (компиляция исходного файла "main.cpp")
  
C:\Users\user\source\repos\ChaosOfSymbols\ChaosOfSymbols\WorldEditor.h(1,1): warning C4828: Файл содержит знак, начинающийся со смещения 0x864, который является недопустимым в текущей исходной кодировке (кодовая страница 65001).
  (компиляция исходного файла "main.cpp")
  
C:\Users\user\source\repos\ChaosOfSymbols\ChaosOfSymbols\WorldEditor.h(1,1): warning C4828: Файл содержит знак, начинающийся со смещения 0x868, который является недопустимым в текущей исходной кодировке (кодовая страница 65001).
  (компиляция исходного файла "main.cpp")
  
C:\Users\user\source\repos\ChaosOfSymbols\ChaosOfSymbols\WorldEditor.h(1,1): warning C4828: Файл содержит знак, начинающийся со смещения 0x86b, который является недопустимым в текущей исходной кодировке (кодовая страница 65001).
  (компиляция исходного файла "main.cpp")
  
C:\Users\user\source\repos\ChaosOfSymbols\ChaosOfSymbols\WorldEditor.h(1,1): warning C4828: Файл содержит знак, начинающийся со смещения 0x8cd, который является недопустимым в текущей исходной кодировке (кодовая страница 65001).
  (компиляция исходного файла "main.cpp")
  
C:\Users\user\source\repos\ChaosOfSymbols\ChaosOfSymbols\WorldEditor.h(1,1): warning C4828: Файл содержит знак, начинающийся со смещения 0x8cf, который является недопустимым в текущей исходной кодировке (кодовая страница 65001).
  (компиляция исходного файла "main.cpp")
  
C:\Users\user\source\repos\ChaosOfSymbols\ChaosOfSymbols\WorldEditor.h(1,1): warning C4828: Файл содержит знак, начинающийся со смещения 0x8d2, который является недопустимым в текущей исходной кодировке (кодовая страница 65001).
  (компиляция исходного файла "main.cpp")
  
C:\Users\user\source\repos\ChaosOfSymbols\ChaosOfSymbols\WorldEditor.h(1,1): warning C4828: Файл содержит знак, начинающийся со смещения 0x8dd, который является недопустимым в текущей исходной кодировке (кодовая страница 65001).
  (компиляция исходного файла "main.cpp")
  
C:\Users\user\source\repos\ChaosOfSymbols\ChaosOfSymbols\WorldEditor.h(1,1): warning C4828: Файл содержит знак, начинающийся со смещения 0x8e0, который является недопустимым в текущей исходной кодировке (кодовая страница 65001).
  (компиляция исходного файла "main.cpp")
  
C:\Users\user\source\repos\ChaosOfSymbols\ChaosOfSymbols\WorldEditor.h(1,1): warning C4828: Файл содержит знак, начинающийся со смещения 0x8e3, который является недопустимым в текущей исходной кодировке (кодовая страница 65001).
  (компиляция исходного файла "main.cpp")
  
C:\Users\user\source\repos\ChaosOfSymbols\ChaosOfSymbols\WorldEditor.h(1,1): warning C4828: Файл содержит знак, начинающийся со смещения 0x8e7, который является недопустимым в текущей исходной кодировке (кодовая страница 65001).
  (компиляция исходного файла "main.cpp")
  
C:\Users\user\source\repos\ChaosOfSymbols\ChaosOfSymbols\WorldEditor.h(1,1): warning C4828: Файл содержит знак, начинающийся со смещения 0x8ea, который является недопустимым в текущей исходной кодировке (кодовая страница 65001).
  (компиляция исходного файла "main.cpp")
  
C:\Users\user\source\repos\ChaosOfSymbols\ChaosOfSymbols\WorldEditor.h(1,1): warning C4828: Файл содержит знак, начинающийся со смещения 0x8ed, который является недопустимым в текущей исходной кодировке (кодовая страница 65001).
  (компиляция исходного файла "main.cpp")
  
C:\Users\user\source\repos\ChaosOfSymbols\ChaosOfSymbols\WorldEditor.h(1,1): warning C4828: Файл содержит знак, начинающийся со смещения 0x8f0, который является недопустимым в текущей исходной кодировке (кодовая страница 65001).
  (компиляция исходного файла "main.cpp")
  
C:\Users\user\source\repos\ChaosOfSymbols\ChaosOfSymbols\WorldEditor.h(1,1): warning C4828: Файл содержит знак, начинающийся со смещения 0x8f3, который является недопустимым в текущей исходной кодировке (кодовая страница 65001).
  (компиляция исходного файла "main.cpp")
  
C:\Users\user\source\repos\ChaosOfSymbols\ChaosOfSymbols\WorldEditor.h(1,1): warning C4828: Файл содержит знак, начинающийся со смещения 0xa4f, который является недопустимым в текущей исходной кодировке (кодовая страница 65001).
  (компиляция исходного файла "main.cpp")
  
C:\Users\user\source\repos\ChaosOfSymbols\ChaosOfSymbols\WorldEditor.h(1,1): warning C4828: Файл содержит знак, начинающийся со смещения 0xa51, который является недопустимым в текущей исходной кодировке (кодовая страница 65001).
  (компиляция исходного файла "main.cpp")
  
C:\Users\user\source\repos\ChaosOfSymbols\ChaosOfSymbols\WorldEditor.h(1,1): warning C4828: Файл содержит знак, начинающийся со смещения 0xa54, который является недопустимым в текущей исходной кодировке (кодовая страница 65001).
  (компиляция исходного файла "main.cpp")
  
C:\Users\user\source\repos\ChaosOfSymbols\ChaosOfSymbols\WorldEditor.h(1,1): warning C4828: Файл содержит знак, начинающийся со смещения 0xa57, который является недопустимым в текущей исходной кодировке (кодовая страница 65001).
  (компиляция исходного файла "main.cpp")
  
C:\Users\user\source\repos\ChaosOfSymbols\ChaosOfSymbols\WorldEditor.h(1,1): warning C4828: Файл содержит знак, начинающийся со смещения 0xab5, который является недопустимым в текущей исходной кодировке (кодовая страница 65001).
  (компиляция исходного файла "main.cpp")
  
C:\Users\user\source\repos\ChaosOfSymbols\ChaosOfSymbols\WorldEditor.h(1,1): warning C4828: Файл содержит знак, начинающийся со смещения 0xab7, который является недопустимым в текущей исходной кодировке (кодовая страница 65001).
  (компиляция исходного файла "main.cpp")
  
C:\Users\user\source\repos\ChaosOfSymbols\ChaosOfSymbols\WorldEditor.h(1,1): warning C4828: Файл содержит знак, начинающийся со смещения 0xabb, который является недопустимым в текущей исходной кодировке (кодовая страница 65001).
  (компиляция исходного файла "main.cpp")
  
C:\Users\user\source\repos\ChaosOfSymbols\ChaosOfSymbols\WorldEditor.h(1,1): warning C4828: Файл содержит знак, начинающийся со смещения 0xb78, который является недопустимым в текущей исходной кодировке (кодовая страница 65001).
  (компиляция исходного файла "main.cpp")
  
C:\Users\user\source\repos\ChaosOfSymbols\ChaosOfSymbols\WorldEditor.h(1,1): warning C4828: Файл содержит знак, начинающийся со смещения 0xb7a, который является недопустимым в текущей исходной кодировке (кодовая страница 65001).
  (компиляция исходного файла "main.cpp")
  
C:\Users\user\source\repos\ChaosOfSymbols\ChaosOfSymbols\WorldEditor.h(1,1): warning C4828: Файл содержит знак, начинающийся со смещения 0xbba, который является недопустимым в текущей исходной кодировке (кодовая страница 65001).
  (компиляция исходного файла "main.cpp")
  
C:\Users\user\source\repos\ChaosOfSymbols\ChaosOfSymbols\WorldEditor.h(1,1): warning C4828: Файл содержит знак, начинающийся со смещения 0xbbc, который является недопустимым в текущей исходной кодировке (кодовая страница 65001).
  (компиляция исходного файла "main.cpp")
  
C:\Users\user\source\repos\ChaosOfSymbols\ChaosOfSymbols\WorldEditor.h(1,1): warning C4828: Файл содержит знак, начинающийся со смещения 0xbbf, который является недопустимым в текущей исходной кодировке (кодовая страница 65001).
  (компиляция исходного файла "main.cpp")
  
C:\Users\user\source\repos\ChaosOfSymbols\ChaosOfSymbols\WorldEditor.h(1,1): warning C4828: Файл содержит знак, начинающийся со смещения 0xbc2, который является недопустимым в текущей исходной кодировке (кодовая страница 65001).
  (компиляция исходного файла "main.cpp")
  
C:\Users\user\source\repos\ChaosOfSymbols\ChaosOfSymbols\WorldEditor.h(1,1): warning C4828: Файл содержит знак, начинающийся со смещения 0xbc5, который является недопустимым в текущей исходной кодировке (кодовая страница 65001).
  (компиляция исходного файла "main.cpp")
  
C:\Users\user\source\repos\ChaosOfSymbols\ChaosOfSymbols\WorldEditor.h(1,1): warning C4828: Файл содержит знак, начинающийся со смещения 0xbc9, который является недопустимым в текущей исходной кодировке (кодовая страница 65001).
  (компиляция исходного файла "main.cpp")
  
C:\Users\user\source\repos\ChaosOfSymbols\ChaosOfSymbols\WorldEditor.h(1,1): warning C4828: Файл содержит знак, начинающийся со смещения 0xbcd, который является недопустимым в текущей исходной кодировке (кодовая страница 65001).
  (компиляция исходного файла "main.cpp")
  
C:\Users\user\source\repos\ChaosOfSymbols\ChaosOfSymbols\WorldEditor.h(1,1): warning C4828: Файл содержит знак, начинающийся со смещения 0xbd0, который является недопустимым в текущей исходной кодировке (кодовая страница 65001).
  (компиляция исходного файла "main.cpp")
  
C:\Users\user\source\repos\ChaosOfSymbols\ChaosOfSymbols\WorldEditor.h(1,1): warning C4828: Файл содержит знак, начинающийся со смещения 0xc35, который является недопустимым в текущей исходной кодировке (кодовая страница 65001).
  (компиляция исходного файла "main.cpp")
  
C:\Users\user\source\repos\ChaosOfSymbols\ChaosOfSymbols\WorldEditor.h(1,1): warning C4828: Файл содержит знак, начинающийся со смещения 0xc37, который является недопустимым в текущей исходной кодировке (кодовая страница 65001).
  (компиляция исходного файла "main.cpp")
  
C:\Users\user\source\repos\ChaosOfSymbols\ChaosOfSymbols\WorldEditor.h(1,1): warning C4828: Файл содержит знак, начинающийся со смещения 0xc39, который является недопустимым в текущей исходной кодировке (кодовая страница 65001).
  (компиляция исходного файла "main.cpp")
  
C:\Users\user\source\repos\ChaosOfSymbols\ChaosOfSymbols\WorldEditor.h(1,1): warning C4828: Файл содержит знак, начинающийся со смещения 0xc3d, который является недопустимым в текущей исходной кодировке (кодовая страница 65001).
  (компиляция исходного файла "main.cpp")
  
C:\Users\user\source\repos\ChaosOfSymbols\ChaosOfSymbols\WorldEditor.h(1,1): warning C4828: Файл содержит знак, начинающийся со смещения 0xc40, который является недопустимым в текущей исходной кодировке (кодовая страница 65001).
  (компиляция исходного файла "main.cpp")
  
C:\Users\user\source\repos\ChaosOfSymbols\ChaosOfSymbols\WorldEditor.h(1,1): warning C4828: Файл содержит знак, начинающийся со смещения 0xc43, который является недопустимым в текущей исходной кодировке (кодовая страница 65001).
  (компиляция исходного файла "main.cpp")
  
C:\Users\user\source\repos\ChaosOfSymbols\ChaosOfSymbols\WorldEditor.h(1,1): warning C4828: Файл содержит знак, начинающийся со смещения 0xc46, который является недопустимым в текущей исходной кодировке (кодовая страница 65001).
  (компиляция исходного файла "main.cpp")
  
C:\Users\user\source\repos\ChaosOfSymbols\ChaosOfSymbols\WorldEditor.h(1,1): warning C4828: Файл содержит знак, начинающийся со смещения 0xc49, который является недопустимым в текущей исходной кодировке (кодовая страница 65001).
  (компиляция исходного файла "main.cpp")
  
C:\Users\user\source\repos\ChaosOfSymbols\ChaosOfSymbols\WorldEditor.h(1,1): warning C4828: Файл содержит знак, начинающийся со смещения 0xc4d, который является недопустимым в текущей исходной кодировке (кодовая страница 65001).
  (компиляция исходного файла "main.cpp")
  
C:\Users\user\source\repos\ChaosOfSymbols\ChaosOfSymbols\WorldEditor.h(1,1): warning C4828: Файл содержит знак, начинающийся со смещения 0xce7, который является недопустимым в текущей исходной кодировке (кодовая страница 65001).
  (компиляция исходного файла "main.cpp")
  
C:\Users\user\source\repos\ChaosOfSymbols\ChaosOfSymbols\WorldEditor.h(1,1): warning C4828: Файл содержит знак, начинающийся со смещения 0xce9, который является недопустимым в текущей исходной кодировке (кодовая страница 65001).
  (компиляция исходного файла "main.cpp")
  
C:\Users\user\source\repos\ChaosOfSymbols\ChaosOfSymbols\WorldEditor.h(1,1): warning C4828: Файл содержит знак, начинающийся со смещения 0xcec, который является недопустимым в текущей исходной кодировке (кодовая страница 65001).
  (компиляция исходного файла "main.cpp")
  
C:\Users\user\source\repos\ChaosOfSymbols\ChaosOfSymbols\WorldEditor.h(1,1): warning C4828: Файл содержит знак, начинающийся со смещения 0xcef, который является недопустимым в текущей исходной кодировке (кодовая страница 65001).
  (компиляция исходного файла "main.cpp")
  
C:\Users\user\source\repos\ChaosOfSymbols\ChaosOfSymbols\WorldEditor.h(1,1): warning C4828: Файл содержит знак, начинающийся со смещения 0xdac, который является недопустимым в текущей исходной кодировке (кодовая страница 65001).
  (компиляция исходного файла "main.cpp")
  
C:\Users\user\source\repos\ChaosOfSymbols\ChaosOfSymbols\WorldEditor.h(1,1): warning C4828: Файл содержит знак, начинающийся со смещения 0xdae, который является недопустимым в текущей исходной кодировке (кодовая страница 65001).
  (компиляция исходного файла "main.cpp")
  
C:\Users\user\source\repos\ChaosOfSymbols\ChaosOfSymbols\WorldEditor.h(1,1): warning C4828: Файл содержит знак, начинающийся со смещения 0xdb0, который является недопустимым в текущей исходной кодировке (кодовая страница 65001).
  (компиляция исходного файла "main.cpp")
  
C:\Users\user\source\repos\ChaosOfSymbols\ChaosOfSymbols\WorldEditor.h(1,1): warning C4828: Файл содержит знак, начинающийся со смещения 0xdb3, который является недопустимым в текущей исходной кодировке (кодовая страница 65001).
  (компиляция исходного файла "main.cpp")
  
C:\Users\user\source\repos\ChaosOfSymbols\ChaosOfSymbols\WorldEditor.h(1,1): warning C4828: Файл содержит знак, начинающийся со смещения 0xdb6, который является недопустимым в текущей исходной кодировке (кодовая страница 65001).
  (компиляция исходного файла "main.cpp")
  
  Создание кода...
  ChaosOfSymbols.vcxproj -> C:\Users\user\source\repos\ChaosOfSymbols\x64\Debug\ChaosOfSymbols.exe
  "pwsh.exe" не является внутренней или внешней
  командой, исполняемой программой или пакетным файлом.
